P01861,"Error in 3eo1, P01861, /B@42: N/Q not found in this AA or the preceding one: P01861, /B@42. Skipped all other attempts on this PDB file."
P31327,"Error in 6uel, P31327, /A@602: AA position not found in protein: P31327, /A@602. Skipped all other attempts on this PDB file."
Q13885,"Error in 7nvn, Q13885, /T@292: AA position not found in protein: Q13885, /T@292. Skipped all other attempts on this PDB file."
Q9Y2Q3,"Error in 3rpp, Q9Y2Q3, /A@223: AA position not found in protein: Q9Y2Q3, /A@223. Skipped all other attempts on this PDB file."
Q9Y2Q3,"Error in 3rpn, Q9Y2Q3, /A@223: AA position not found in protein: Q9Y2Q3, /A@223. Skipped all other attempts on this PDB file."
Q9Y2Q3,"Error in 1yzx, Q9Y2Q3, /A@223: AA position not found in protein: Q9Y2Q3, /A@223. Skipped all other attempts on this PDB file."
P05062,"Error in 8d44, P05062, /A@355: AA position not found in protein: P05062, /A@355. Skipped all other attempts on this PDB file."
P0DOX5,"Error in 7czt, P0DOX5, /H@288: AA position not found in protein: P0DOX5, /H@288. Skipped all other attempts on this PDB file."
P0DOX5,"Error in 7czv, P0DOX5, /H@288: AA position not found in protein: P0DOX5, /H@288. Skipped all other attempts on this PDB file."
P0DOX5,"Error in 7czu, P0DOX5, /H@288: AA position not found in protein: P0DOX5, /H@288. Skipped all other attempts on this PDB file."
P0DOX5,"Error in 7czq, P0DOX5, /H@288: AA position not found in protein: P0DOX5, /H@288. Skipped all other attempts on this PDB file."
P08670,"Error in 6bir, P08670, /C@422: AA position not found in protein: P08670, /C@422. Skipped all other attempts on this PDB file."
Q13885,"Error in 7nvn, Q13885, /T@335: AA position not found in protein: Q13885, /T@335. Skipped all other attempts on this PDB file."
P31943,"Error in 6dhs, P31943, /A@139: Expected exactly two atoms and/or measurable objects (e.g. axes, planes), or one or more measurable objects and one or more atoms, got 1 atoms and 0 measurable objects. Skipped all other attempts on this PDB file."
P35580,"Error in 4pd3, P35580, /A@734: AA position not found in protein: P35580, /A@734. Skipped all other attempts on this PDB file."
P02671,"Error in 3ghg, P02671, /A@236: AA position not found in protein: P02671, /A@236. Skipped all other attempts on this PDB file."
P35637,"Error in 5yvh, P35637, /B@467: AA position not found in protein: P35637, /B@467. Skipped all other attempts on this PDB file."
P35637,"Error in 5yvi, P35637, /B@467: AA position not found in protein: P35637, /B@467. Skipped all other attempts on this PDB file."
P11279,"Error in 8fyf, P11279, /C@307: AA position not found in protein: P11279, /C@307. Skipped all other attempts on this PDB file."
P11279,"Error in 8fy5, P11279, /C@307: AA position not found in protein: P11279, /C@307. Skipped all other attempts on this PDB file."
P07858,"Error in 3pbh, P07858, /A@289: AA position not found in protein: P07858, /A@289. Skipped all other attempts on this PDB file."
P07858,"Error in 1pbh, P07858, /A@289: AA position not found in protein: P07858, /A@289. Skipped all other attempts on this PDB file."
P07858,"Error in 2pbh, P07858, /A@289: AA position not found in protein: P07858, /A@289. Skipped all other attempts on this PDB file."
P07858,"Error in 3cbj, P07858, /A@289: AA position not found in protein: P07858, /A@289. Skipped all other attempts on this PDB file."
P07858,"Error in 3cbk, P07858, /A@289: AA position not found in protein: P07858, /A@289. Skipped all other attempts on this PDB file."
P02647,"Error in 7kjr, P02647, /C@129: AA position not found in protein: P02647, /C@129. Skipped all other attempts on this PDB file."
P02647,"Error in 8eqs, P02647, /C@129: AA position not found in protein: P02647, /C@129. Skipped all other attempts on this PDB file."
P02751,"Error in 1fnf, P02751, /A@1463: N/Q not found in this AA or the preceding one: P02751, /A@1463. Skipped all other attempts on this PDB file."
P02751,"Error in 3t1w, P02751, /A@1463: AA position not found in protein: P02751, /A@1463. Skipped all other attempts on this PDB file."
P02751,"Error in 7nwl, P02751, /C@1463: N/Q not found in this AA or the preceding one: P02751, /C@1463. Skipped all other attempts on this PDB file."
P02751,"Error in 4lxo, P02751, /A@1463: N/Q not found in this AA or the preceding one: P02751, /A@1463. Skipped all other attempts on this PDB file."
P08670,"Error in 3uf1, P08670, /A@250: AA position not found in protein: P08670, /A@250. Skipped all other attempts on this PDB file."
P02671,"Error in 3ghg, P02671, /A@307: AA position not found in protein: P02671, /A@307. Skipped all other attempts on this PDB file."
Q13885,"Error in 7nvn, Q13885, /T@332: AA position not found in protein: Q13885, /T@332. Skipped all other attempts on this PDB file."
P32119,"Error in 5ijt, P32119, /A@186: AA position not found in protein: P32119, /A@186. Skipped all other attempts on this PDB file."
Q13885,"Error in 7nvn, Q13885, /T@347: AA position not found in protein: Q13885, /T@347. Skipped all other attempts on this PDB file."
P02751,"Error in 3r8q, P02751, /A@2008: AA position not found in protein: P02751, /A@2008. Skipped all other attempts on this PDB file."
P02751,"Error in 1fnh, P02751, /A@2008: AA position not found in protein: P02751, /A@2008. Skipped all other attempts on this PDB file."
P62258,"Error in 8dgp, P62258, /A@254: AA position not found in protein: P62258, /A@254. Skipped all other attempts on this PDB file."
P62258,"Error in 8dp5, P62258, /D@254: AA position not found in protein: P62258, /D@254. Skipped all other attempts on this PDB file."
P62258,"Error in 8dgn, P62258, /A@254: AA position not found in protein: P62258, /A@254. Skipped all other attempts on this PDB file."
P62258,"Error in 8dgm, P62258, /A@254: AA position not found in protein: P62258, /A@254. Skipped all other attempts on this PDB file."
P00966,"Error in 2nz2, P00966, /A@378: Expected exactly two atoms and/or measurable objects (e.g. axes, planes), or one or more measurable objects and one or more atoms, got 1 atoms and 0 measurable objects. Skipped all other attempts on this PDB file."
P36542,"Error in 8h9e, P36542, /G@207: AA position not found in protein: P36542, /G@207. Skipped all other attempts on this PDB file."
Q06830,"Error in 3hy2, Q06830, /A@189: AA position not found in protein: Q06830, /A@189. Skipped all other attempts on this PDB file."
Q06830,"Error in 4xcs, Q06830, /A@189: AA position not found in protein: Q06830, /A@189. Skipped all other attempts on this PDB file."
Q06830,"Error in 2rii, Q06830, /A@189: AA position not found in protein: Q06830, /A@189. Skipped all other attempts on this PDB file."
Q06830,"Error in 7lj1, Q06830, /A@189: AA position not found in protein: Q06830, /A@189. Skipped all other attempts on this PDB file."
P22626,"Error in 6wqk, P22626, /A@226: AA position not found in protein: P22626, /A@226. Skipped all other attempts on this PDB file."
P22626,"Error in 8duw, P22626, /A@226: AA position not found in protein: P22626, /A@226. Skipped all other attempts on this PDB file."
P22626,"Error in 8du2, P22626, /A@226: AA position not found in protein: P22626, /A@226. Skipped all other attempts on this PDB file."
P07858,"Error in 3pbh, P07858, /A@298: AA position not found in protein: P07858, /A@298. Skipped all other attempts on this PDB file."
P07858,"Error in 1pbh, P07858, /A@298: AA position not found in protein: P07858, /A@298. Skipped all other attempts on this PDB file."
P07858,"Error in 2pbh, P07858, /A@298: AA position not found in protein: P07858, /A@298. Skipped all other attempts on this PDB file."
P07858,"Error in 3cbj, P07858, /A@298: AA position not found in protein: P07858, /A@298. Skipped all other attempts on this PDB file."
P07858,"Error in 3cbk, P07858, /A@298: AA position not found in protein: P07858, /A@298. Skipped all other attempts on this PDB file."
P62328,"Error in 4pl8, P62328, /H@40: AA position not found in protein: P62328, /H@40. Skipped all other attempts on this PDB file."
P09110,"Error in 2iik, P09110, /A@90: N/Q not found in this AA or the preceding one: P09110, /A@90. Skipped all other attempts on this PDB file."
Q99714,"Error in 2o23, Q99714, /A@44: Expected exactly two atoms and/or measurable objects (e.g. axes, planes), or one or more measurable objects and one or more atoms, got 1 atoms and 0 measurable objects. Skipped all other attempts on this PDB file."
Q8NC51,"Error in 6z6n, Q8NC51, /CD@64: AA position not found in protein: Q8NC51, /CD@64. Skipped all other attempts on this PDB file."
Q8NC51,"Error in 6z6m, Q8NC51, /CD@64: AA position not found in protein: Q8NC51, /CD@64. Skipped all other attempts on this PDB file."
Q13885,"Error in 7nvn, Q13885, /T@247: AA position not found in protein: Q13885, /T@247. Skipped all other attempts on this PDB file."
Q13885,"Error in 7nvn, Q13885, /T@334: AA position not found in protein: Q13885, /T@334. Skipped all other attempts on this PDB file."
P51659,"Error in 1s9c, P51659, /A@400: AA position not found in protein: P51659, /A@400. Skipped all other attempts on this PDB file."
P31327,"Error in 6uel, P31327, /A@618: AA position not found in protein: P31327, /A@618. Skipped all other attempts on this PDB file."
P18669,"Error in 4gpz, P18669, /A@249: AA position not found in protein: P18669, /A@249. Skipped all other attempts on this PDB file."
P18669,"Error in 5y2i, P18669, /B@249: AA position not found in protein: P18669, /B@249. Skipped all other attempts on this PDB file."
P18669,"Error in 5y2u, P18669, /B@249: AA position not found in protein: P18669, /B@249. Skipped all other attempts on this PDB file."
P18669,"Error in 5y35, P18669, /B@249: AA position not found in protein: P18669, /B@249. Skipped all other attempts on this PDB file."
P18669,"Error in 4gpi, P18669, /B@249: AA position not found in protein: P18669, /B@249. Skipped all other attempts on this PDB file."
P18669,"Error in 5y64, P18669, /B@249: AA position not found in protein: P18669, /B@249. Skipped all other attempts on this PDB file."
P18669,"Error in 5y65, P18669, /B@249: AA position not found in protein: P18669, /B@249. Skipped all other attempts on this PDB file."
P18669,"Error in 1yfk, P18669, /A@249: AA position not found in protein: P18669, /A@249. Skipped all other attempts on this PDB file."
P18669,"Error in 1yjx, P18669, /A@249: AA position not found in protein: P18669, /A@249. Skipped all other attempts on this PDB file."
P61006,"Error in 5szi, P61006, /A@186: AA position not found in protein: P61006, /A@186. Skipped all other attempts on this PDB file."
Q15691,"Error in 2r8u, Q15691, /A@147: AA position not found in protein: Q15691, /A@147. Skipped all other attempts on this PDB file."
P30613,"Error in 4ip7, P30613, /A@59: N/Q not found in this AA or the preceding one: P30613, /A@59. Skipped all other attempts on this PDB file."
P30613,"Error in 4ima, P30613, /A@59: AA position not found in protein: P30613, /A@59. Skipped all other attempts on this PDB file."
P02649,"Error in 8ax9, P02649, /A@316: AA position not found in protein: P02649, /A@316. Skipped all other attempts on this PDB file."
P02649,"Error in 8ax8, P02649, /A@316: AA position not found in protein: P02649, /A@316. Skipped all other attempts on this PDB file."
P02649,"Error in 8ce0, P02649, /A@316: AA position not found in protein: P02649, /A@316. Skipped all other attempts on this PDB file."
P02649,"Error in 8cdy, P02649, /A@316: AA position not found in protein: P02649, /A@316. Skipped all other attempts on this PDB file."
Q6FI13,"Error in 6seg, Q6FI13, /C@113: AA position not found in protein: Q6FI13, /C@113. Skipped all other attempts on this PDB file."
P55072,"Error in 5ftj, P55072, /A@764: AA position not found in protein: P55072, /A@764. Skipped all other attempts on this PDB file."
P55072,"Error in 5ftk, P55072, /A@764: AA position not found in protein: P55072, /A@764. Skipped all other attempts on this PDB file."
P55072,"Error in 7lmy, P55072, /A@764: AA position not found in protein: P55072, /A@764. Skipped all other attempts on this PDB file."
Q9UN36,"Error in 2xmr, Q9UN36, /A@235: N/Q not found in this AA or the preceding one: Q9UN36, /A@235. Skipped all other attempts on this PDB file."
Q9UN36,"Error in 2xms, Q9UN36, /A@235: N/Q not found in this AA or the preceding one: Q9UN36, /A@235. Skipped all other attempts on this PDB file."
Q9UN36,"Error in 2xmq, Q9UN36, /A@235: N/Q not found in this AA or the preceding one: Q9UN36, /A@235. Skipped all other attempts on this PDB file."
P16104,"Error in 6k1k, P16104, /C@141: AA position not found in protein: P16104, /C@141. Skipped all other attempts on this PDB file."
P16104,"Error in 6k1i, P16104, /C@141: AA position not found in protein: P16104, /C@141. Skipped all other attempts on this PDB file."
P16104,"Error in 6k1j, P16104, /C@141: AA position not found in protein: P16104, /C@141. Skipped all other attempts on this PDB file."
P02671,"Error in 3ghg, P02671, /A@288: AA position not found in protein: P02671, /A@288. Skipped all other attempts on this PDB file."
Q8NC51,"Error in 6z6n, Q8NC51, /CD@62: AA position not found in protein: Q8NC51, /CD@62. Skipped all other attempts on this PDB file."
Q8NC51,"Error in 6z6m, Q8NC51, /CD@62: AA position not found in protein: Q8NC51, /CD@62. Skipped all other attempts on this PDB file."
P46783,"Error in 8glp, P46783, /SK@151: AA position not found in protein: P46783, /SK@151. Skipped all other attempts on this PDB file."
P46783,"Error in 7r4x, P46783, /K@151: AA position not found in protein: P46783, /K@151. Skipped all other attempts on this PDB file."
P46783,"Error in 8g5y, P46783, /SK@151: AA position not found in protein: P46783, /SK@151. Skipped all other attempts on this PDB file."
P46783,"Error in 7xny, P46783, /SK@151: AA position not found in protein: P46783, /SK@151. Skipped all other attempts on this PDB file."
P46783,"Error in 8g60, P46783, /SK@151: AA position not found in protein: P46783, /SK@151. Skipped all other attempts on this PDB file."
P46783,"Error in 6zlw, P46783, /M@151: AA position not found in protein: P46783, /M@151. Skipped all other attempts on this PDB file."
P46783,"Error in 6zmi, P46783, /SK@151: AA position not found in protein: P46783, /SK@151. Skipped all other attempts on this PDB file."
P46783,"Error in 6zxg, P46783, /K@151: AA position not found in protein: P46783, /K@151. Skipped all other attempts on this PDB file."
P46783,"Error in 6zm7, P46783, /SK@151: AA position not found in protein: P46783, /SK@151. Skipped all other attempts on this PDB file."
P46783,"Error in 6zxh, P46783, /K@151: AA position not found in protein: P46783, /K@151. Skipped all other attempts on this PDB file."
P46783,"Error in 7xnx, P46783, /SK@151: AA position not found in protein: P46783, /SK@151. Skipped all other attempts on this PDB file."
P46783,"Error in 6zoj, P46783, /K@151: AA position not found in protein: P46783, /K@151. Skipped all other attempts on this PDB file."
P46783,"Error in 6zol, P46783, /K@151: AA position not found in protein: P46783, /K@151. Skipped all other attempts on this PDB file."
P46783,"Error in 8g6j, P46783, /SK@151: AA position not found in protein: P46783, /SK@151. Skipped all other attempts on this PDB file."
P46783,"Error in 6z6n, P46783, /SK@151: AA position not found in protein: P46783, /SK@151. Skipped all other attempts on this PDB file."
P46783,"Error in 6zp4, P46783, /u@151: AA position not found in protein: P46783, /u@151. Skipped all other attempts on this PDB file."
P46783,"Error in 6zv6, P46783, /K@151: AA position not found in protein: P46783, /K@151. Skipped all other attempts on this PDB file."
P46783,"Error in 7k5i, P46783, /K@151: AA position not found in protein: P46783, /K@151. Skipped all other attempts on this PDB file."
P46783,"Error in 8g61, P46783, /SK@151: AA position not found in protein: P46783, /SK@151. Skipped all other attempts on this PDB file."
P46783,"Error in 6y2l, P46783, /SK@151: AA position not found in protein: P46783, /SK@151. Skipped all other attempts on this PDB file."
P46783,"Error in 6z6l, P46783, /SK@151: AA position not found in protein: P46783, /SK@151. Skipped all other attempts on this PDB file."
P46783,"Error in 6zme, P46783, /SK@151: AA position not found in protein: P46783, /SK@151. Skipped all other attempts on this PDB file."
P46783,"Error in 6zmt, P46783, /M@151: AA position not found in protein: P46783, /M@151. Skipped all other attempts on this PDB file."
P46783,"Error in 6zon, P46783, /u@151: AA position not found in protein: P46783, /u@151. Skipped all other attempts on this PDB file."
P46783,"Error in 6zxe, P46783, /K@151: AA position not found in protein: P46783, /K@151. Skipped all other attempts on this PDB file."
P46783,"Error in 7qvp, P46783, /RK@151: AA position not found in protein: P46783, /RK@151. Skipped all other attempts on this PDB file."
P46783,"Error in 6ybs, P46783, /a@151: AA position not found in protein: P46783, /a@151. Skipped all other attempts on this PDB file."
P46783,"Error in 6z6m, P46783, /SK@151: AA position not found in protein: P46783, /SK@151. Skipped all other attempts on this PDB file."
P46783,"Error in 6zmo, P46783, /SK@151: AA position not found in protein: P46783, /SK@151. Skipped all other attempts on this PDB file."
P46783,"Error in 6zuo, P46783, /K@151: AA position not found in protein: P46783, /K@151. Skipped all other attempts on this PDB file."
P46783,"Error in 6y0g, P46783, /SK@151: AA position not found in protein: P46783, /SK@151. Skipped all other attempts on this PDB file."
P46783,"Error in 6zxd, P46783, /K@151: AA position not found in protein: P46783, /K@151. Skipped all other attempts on this PDB file."
P46783,"Error in 5aj0, P46783, /BK@151: AA position not found in protein: P46783, /BK@151. Skipped all other attempts on this PDB file."
P46783,"Error in 6g5i, P46783, /K@151: AA position not found in protein: P46783, /K@151. Skipped all other attempts on this PDB file."
P46783,"Error in 6y57, P46783, /SK@151: AA position not found in protein: P46783, /SK@151. Skipped all other attempts on this PDB file."
P46783,"Error in 7a09, P46783, /u@151: AA position not found in protein: P46783, /u@151. Skipped all other attempts on this PDB file."
P35221,"Error in 6upv, P35221, /L@43: AA position not found in protein: P35221, /L@43. Skipped all other attempts on this PDB file."
P35221,"Error in 7utj, P35221, /G@43: AA position not found in protein: P35221, /G@43. Skipped all other attempts on this PDB file."
P08238,"Error in 8gae, P08238, /A@701: AA position not found in protein: P08238, /A@701. Skipped all other attempts on this PDB file."
P08238,"Error in 7zr0, P08238, /A@701: AA position not found in protein: P08238, /A@701. Skipped all other attempts on this PDB file."
P08238,"Error in 7zub, P08238, /A@701: AA position not found in protein: P08238, /A@701. Skipped all other attempts on this PDB file."
P08238,"Error in 8eob, P08238, /A@701: AA position not found in protein: P08238, /A@701. Skipped all other attempts on this PDB file."
P08238,"Error in 7z38, P08238, /A@701: AA position not found in protein: P08238, /A@701. Skipped all other attempts on this PDB file."
O75475,"Error in 8peo, O75475, /K@326: AA position not found in protein: O75475, /K@326. Skipped all other attempts on this PDB file."
O75475,"Error in 8pc5, O75475, /K@326: AA position not found in protein: O75475, /K@326. Skipped all other attempts on this PDB file."
O75475,"Error in 8pc6, O75475, /K@326: AA position not found in protein: O75475, /K@326. Skipped all other attempts on this PDB file."
O75475,"Error in 6s01, O75475, /K@326: AA position not found in protein: O75475, /K@326. Skipped all other attempts on this PDB file."
O75475,"Error in 8pep, O75475, /K@326: AA position not found in protein: O75475, /K@326. Skipped all other attempts on this PDB file."
P18206,"Error in 6upw, P18206, /L@747: AA position not found in protein: P18206, /L@747. Skipped all other attempts on this PDB file."
P54136,"Error in 4zaj, P54136, /A@202: N/Q not found in this AA or the preceding one: P54136, /A@202. Skipped all other attempts on this PDB file."
P54136,"Error in 4q2t, P54136, /A@202: N/Q not found in this AA or the preceding one: P54136, /A@202. Skipped all other attempts on this PDB file."
P54136,"Error in 4q2x, P54136, /A@202: N/Q not found in this AA or the preceding one: P54136, /A@202. Skipped all other attempts on this PDB file."
P54136,"Error in 4q2y, P54136, /A@202: N/Q not found in this AA or the preceding one: P54136, /A@202. Skipped all other attempts on this PDB file."
P26599,"Error in 3zzy, P26599, /A@161: AA position not found in protein: P26599, /A@161. Skipped all other attempts on this PDB file."
P26599,"Error in 3zzz, P26599, /A@161: AA position not found in protein: P26599, /A@161. Skipped all other attempts on this PDB file."
P02671,"Error in 3ghg, P02671, /A@309: AA position not found in protein: P02671, /A@309. Skipped all other attempts on this PDB file."
P02751,"Error in 1fnf, P02751, /A@1579: AA position not found in protein: P02751, /A@1579. Skipped all other attempts on this PDB file."
P02751,"Error in 7nwl, P02751, /C@1579: AA position not found in protein: P02751, /C@1579. Skipped all other attempts on this PDB file."
P02751,"Error in 6xay, P02751, /A@1579: N/Q not found in this AA or the preceding one: P02751, /A@1579. Skipped all other attempts on this PDB file."
P02751,"Error in 4lxo, P02751, /A@1579: AA position not found in protein: P02751, /A@1579. Skipped all other attempts on this PDB file."
P02751,"Error in 5dc4, P02751, /B@1579: AA position not found in protein: P02751, /B@1579. Skipped all other attempts on this PDB file."
P02751,"Error in 5dc9, P02751, /B@1579: AA position not found in protein: P02751, /B@1579. Skipped all other attempts on this PDB file."
P02751,"Error in 2ck2, P02751, /A@1579: AA position not found in protein: P02751, /A@1579. Skipped all other attempts on this PDB file."
P02751,"Error in 5dc0, P02751, /A@1579: AA position not found in protein: P02751, /A@1579. Skipped all other attempts on this PDB file."
P02751,"Error in 4je4, P02751, /B@1579: AA position not found in protein: P02751, /B@1579. Skipped all other attempts on this PDB file."
P02751,"Error in 5j7c, P02751, /C@1579: AA position not found in protein: P02751, /C@1579. Skipped all other attempts on this PDB file."
P02751,"Error in 2ocf, P02751, /D@1579: AA position not found in protein: P02751, /D@1579. Skipped all other attempts on this PDB file."
P22626,"Error in 6wqk, P22626, /A@197: AA position not found in protein: P22626, /A@197. Skipped all other attempts on this PDB file."
P22626,"Error in 8duw, P22626, /A@197: AA position not found in protein: P22626, /A@197. Skipped all other attempts on this PDB file."
P22626,"Error in 8du2, P22626, /A@197: AA position not found in protein: P22626, /A@197. Skipped all other attempts on this PDB file."
Q07666,"Error in 7zab, Q07666, /AAA@182: N/Q not found in this AA or the preceding one: Q07666, /AAA@182. Skipped all other attempts on this PDB file."
Q07666,"Error in 7z89, Q07666, /AAA@182: N/Q not found in this AA or the preceding one: Q07666, /AAA@182. Skipped all other attempts on this PDB file."
Q07666,"Error in 7zam, Q07666, /AAA@182: N/Q not found in this AA or the preceding one: Q07666, /AAA@182. Skipped all other attempts on this PDB file."
Q07666,"Error in 7z9a, Q07666, /AAA@182: N/Q not found in this AA or the preceding one: Q07666, /AAA@182. Skipped all other attempts on this PDB file."
P08246,"Error in 7cbk, P08246, /B@240: N/Q not found in this AA or the preceding one: P08246, /B@240. Skipped all other attempts on this PDB file."
P08246,"Error in 7whu, P08246, /A@240: AA position not found in protein: P08246, /A@240. Skipped all other attempts on this PDB file."
P08246,"Error in 5abw, P08246, /A@240: N/Q not found in this AA or the preceding one: P08246, /A@240. Skipped all other attempts on this PDB file."
P08246,"Error in 4wvp, P08246, /E@240: N/Q not found in this AA or the preceding one: P08246, /E@240. Skipped all other attempts on this PDB file."
P08246,"Error in 2z7f, P08246, /E@240: N/Q not found in this AA or the preceding one: P08246, /E@240. Skipped all other attempts on this PDB file."
P08246,"Error in 5a0a, P08246, /E@240: N/Q not found in this AA or the preceding one: P08246, /E@240. Skipped all other attempts on this PDB file."
P08246,"Error in 1ppf, P08246, /E@240: N/Q not found in this AA or the preceding one: P08246, /E@240. Skipped all other attempts on this PDB file."
P08246,"Error in 2rg3, P08246, /A@240: N/Q not found in this AA or the preceding one: P08246, /A@240. Skipped all other attempts on this PDB file."
Q9ULV4,"Error in 7sty, Q9ULV4, /A@417: AA position not found in protein: Q9ULV4, /A@417. Skipped all other attempts on this PDB file."
P50213,"Error in 7ce3, P50213, /A@111: Expected exactly two atoms and/or measurable objects (e.g. axes, planes), or one or more measurable objects and one or more atoms, got 1 atoms and 0 measurable objects. Skipped all other attempts on this PDB file."
P14866,"Error in 3r27, P14866, /A@91: AA position not found in protein: P14866, /A@91. Skipped all other attempts on this PDB file."
P09467,"Error in 7wjv, P09467, /A@65: AA position not found in protein: P09467, /A@65. Skipped all other attempts on this PDB file."
P02671,"Error in 3ghg, P02671, /A@296: AA position not found in protein: P02671, /A@296. Skipped all other attempts on this PDB file."
O75521,"Error in 2f6q, O75521, /A@192: N/Q not found in this AA or the preceding one: O75521, /A@192. Skipped all other attempts on this PDB file."
Q13155,"Error in 5y6l, Q13155, /D@104: AA position not found in protein: Q13155, /D@104. Skipped all other attempts on this PDB file."
Q13155,"Error in 5a1n, Q13155, /B@104: Expected exactly two atoms and/or measurable objects (e.g. axes, planes), or one or more measurable objects and one or more atoms, got 1 atoms and 0 measurable objects. Skipped all other attempts on this PDB file."
Q13155,"Error in 5a5h, Q13155, /B@104: AA position not found in protein: Q13155, /B@104. Skipped all other attempts on this PDB file."
Q13155,"Error in 5a34, Q13155, /B@104: AA position not found in protein: Q13155, /B@104. Skipped all other attempts on this PDB file."
Q13813,"Error in 2fot, Q13813, /C@1206: N/Q not found in this AA or the preceding one: Q13813, /C@1206. Skipped all other attempts on this PDB file."
P35222,"Error in 6m90, P35222, /C@28: AA position not found in protein: P35222, /C@28. Skipped all other attempts on this PDB file."
P35222,"Error in 6m92, P35222, /C@28: AA position not found in protein: P35222, /C@28. Skipped all other attempts on this PDB file."
P35222,"Error in 6m91, P35222, /C@28: AA position not found in protein: P35222, /C@28. Skipped all other attempts on this PDB file."
P35222,"Error in 6m93, P35222, /C@28: AA position not found in protein: P35222, /C@28. Skipped all other attempts on this PDB file."
P35222,"Error in 6m94, P35222, /C@28: AA position not found in protein: P35222, /C@28. Skipped all other attempts on this PDB file."
P35222,"Error in 1p22, P35222, /C@28: AA position not found in protein: P35222, /C@28. Skipped all other attempts on this PDB file."
P02748,"Error in 8de6, P02748, /A@557: AA position not found in protein: P02748, /A@557. Skipped all other attempts on this PDB file."
P02748,"Error in 7nyd, P02748, /G@557: AA position not found in protein: P02748, /G@557. Skipped all other attempts on this PDB file."
P02748,"Error in 8b0g, P02748, /H@557: AA position not found in protein: P02748, /H@557. Skipped all other attempts on this PDB file."
P02748,"Error in 8b0h, P02748, /H@557: AA position not found in protein: P02748, /H@557. Skipped all other attempts on this PDB file."
P02748,"Error in 7nyc, P02748, /G@557: AA position not found in protein: P02748, /G@557. Skipped all other attempts on this PDB file."
P08195,"Error in 7cmi, P08195, /A@311: N/Q not found in this AA or the preceding one: P08195, /A@311. Skipped all other attempts on this PDB file."
P08195,"Error in 7dsk, P08195, /A@311: N/Q not found in this AA or the preceding one: P08195, /A@311. Skipped all other attempts on this PDB file."
P08195,"Error in 7dsl, P08195, /A@311: N/Q not found in this AA or the preceding one: P08195, /A@311. Skipped all other attempts on this PDB file."
P08195,"Error in 7dsn, P08195, /A@311: N/Q not found in this AA or the preceding one: P08195, /A@311. Skipped all other attempts on this PDB file."
P08195,"Error in 6irs, P08195, /A@311: N/Q not found in this AA or the preceding one: P08195, /A@311. Skipped all other attempts on this PDB file."
O94855,"Error in 3efo, O94855, /B@847: N/Q not found in this AA or the preceding one: O94855, /B@847. Skipped all other attempts on this PDB file."
O94855,"Error in 3eg9, O94855, /B@847: N/Q not found in this AA or the preceding one: O94855, /B@847. Skipped all other attempts on this PDB file."
P01031,"Error in 7ad7, P01031, /A@533: AA position not found in protein: P01031, /A@533. Skipped all other attempts on this PDB file."
P01031,"Error in 7ad6, P01031, /A@533: AA position not found in protein: P01031, /A@533. Skipped all other attempts on this PDB file."
O95163,"Error in 5cqr, O95163, /A@1281: AA position not found in protein: O95163, /A@1281. Skipped all other attempts on this PDB file."
Q14019,"Error in 1vfq, Q14019, /A@140: AA position not found in protein: Q14019, /A@140. Skipped all other attempts on this PDB file."
Q14019,"Error in 1t3y, Q14019, /A@140: AA position not found in protein: Q14019, /A@140. Skipped all other attempts on this PDB file."
Q14019,"Error in 1t3x, Q14019, /A@140: AA position not found in protein: Q14019, /A@140. Skipped all other attempts on this PDB file."
Q14019,"Error in 1t2l, Q14019, /A@140: AA position not found in protein: Q14019, /A@140. Skipped all other attempts on this PDB file."
Q13885,"Error in 7nvn, Q13885, /T@291: AA position not found in protein: Q13885, /T@291. Skipped all other attempts on this PDB file."
P40926,"Error in 2dfd, P40926, /A@164: N/Q not found in this AA or the preceding one: P40926, /A@164. Skipped all other attempts on this PDB file."
O75821,"Error in 6ybs, O75821, /o@232: AA position not found in protein: O75821, /o@232. Skipped all other attempts on this PDB file."
Q9ULA0,"Error in 4dyo, Q9ULA0, /A@364: N/Q not found in this AA or the preceding one: Q9ULA0, /A@364. Skipped all other attempts on this PDB file."
P49327,"Error in 8gkc, P49327, /A@1267: AA position not found in protein: P49327, /A@1267. Skipped all other attempts on this PDB file."
P49327,"Error in 8eyi, P49327, /E@1267: AA position not found in protein: P49327, /E@1267. Skipped all other attempts on this PDB file."
P49327,"Error in 8eyk, P49327, /E@1267: AA position not found in protein: P49327, /E@1267. Skipped all other attempts on this PDB file."
P09661,"Error in 7evo, P09661, /F@98: Expected exactly two atoms and/or measurable objects (e.g. axes, planes), or one or more measurable objects and one or more atoms, got 1 atoms and 0 measurable objects. Skipped all other attempts on this PDB file."
P09661,"Error in 8hk1, P09661, /F@98: Expected exactly two atoms and/or measurable objects (e.g. axes, planes), or one or more measurable objects and one or more atoms, got 1 atoms and 0 measurable objects. Skipped all other attempts on this PDB file."
P09661,"Error in 8c6j, P09661, /W@98: Expected exactly two atoms and/or measurable objects (e.g. axes, planes), or one or more measurable objects and one or more atoms, got 1 atoms and 0 measurable objects. Skipped all other attempts on this PDB file."
P09661,"Error in 6id1, P09661, /o@98: Expected exactly two atoms and/or measurable objects (e.g. axes, planes), or one or more measurable objects and one or more atoms, got 1 atoms and 0 measurable objects. Skipped all other attempts on this PDB file."
P09661,"Error in 6id0, P09661, /o@98: Expected exactly two atoms and/or measurable objects (e.g. axes, planes), or one or more measurable objects and one or more atoms, got 1 atoms and 0 measurable objects. Skipped all other attempts on this PDB file."
P09661,"Error in 6icz, P09661, /o@98: Expected exactly two atoms and/or measurable objects (e.g. axes, planes), or one or more measurable objects and one or more atoms, got 1 atoms and 0 measurable objects. Skipped all other attempts on this PDB file."
P09661,"Error in 7vpx, P09661, /F@98: Expected exactly two atoms and/or measurable objects (e.g. axes, planes), or one or more measurable objects and one or more atoms, got 1 atoms and 0 measurable objects. Skipped all other attempts on this PDB file."
P02545,"Error in 6jlb, P02545, /A@258: AA position not found in protein: P02545, /A@258. Skipped all other attempts on this PDB file."
P09661,"Error in 7evo, P09661, /F@17: Expected exactly two atoms and/or measurable objects (e.g. axes, planes), or one or more measurable objects and one or more atoms, got 1 atoms and 0 measurable objects. Skipped all other attempts on this PDB file."
P09661,"Error in 8hk1, P09661, /F@17: Expected exactly two atoms and/or measurable objects (e.g. axes, planes), or one or more measurable objects and one or more atoms, got 1 atoms and 0 measurable objects. Skipped all other attempts on this PDB file."
P09661,"Error in 8c6j, P09661, /W@17: Expected exactly two atoms and/or measurable objects (e.g. axes, planes), or one or more measurable objects and one or more atoms, got 1 atoms and 0 measurable objects. Skipped all other attempts on this PDB file."
P09661,"Error in 6id1, P09661, /o@17: Expected exactly two atoms and/or measurable objects (e.g. axes, planes), or one or more measurable objects and one or more atoms, got 1 atoms and 0 measurable objects. Skipped all other attempts on this PDB file."
P09661,"Error in 6id0, P09661, /o@17: Expected exactly two atoms and/or measurable objects (e.g. axes, planes), or one or more measurable objects and one or more atoms, got 1 atoms and 0 measurable objects. Skipped all other attempts on this PDB file."
P09661,"Error in 6icz, P09661, /o@17: Expected exactly two atoms and/or measurable objects (e.g. axes, planes), or one or more measurable objects and one or more atoms, got 1 atoms and 0 measurable objects. Skipped all other attempts on this PDB file."
P09661,"Error in 7vpx, P09661, /F@17: Expected exactly two atoms and/or measurable objects (e.g. axes, planes), or one or more measurable objects and one or more atoms, got 1 atoms and 0 measurable objects. Skipped all other attempts on this PDB file."
P02671,"Error in 3ghg, P02671, /A@556: AA position not found in protein: P02671, /A@556. Skipped all other attempts on this PDB file."
P62491,"Error in 5c46, P62491, /F@193: AA position not found in protein: P62491, /F@193. Skipped all other attempts on this PDB file."
P62491,"Error in 4d0l, P62491, /B@193: AA position not found in protein: P62491, /B@193. Skipped all other attempts on this PDB file."
P62491,"Error in 6djl, P62491, /A@193: AA position not found in protein: P62491, /A@193. Skipped all other attempts on this PDB file."
P62491,"Error in 5c4g, P62491, /B@193: AA position not found in protein: P62491, /B@193. Skipped all other attempts on this PDB file."
P62491,"Error in 5euq, P62491, /B@193: AA position not found in protein: P62491, /B@193. Skipped all other attempts on this PDB file."
P62491,"Error in 5fbr, P62491, /B@193: AA position not found in protein: P62491, /B@193. Skipped all other attempts on this PDB file."
P62491,"Error in 5fbv, P62491, /B@193: AA position not found in protein: P62491, /B@193. Skipped all other attempts on this PDB file."
P62491,"Error in 5fbl, P62491, /B@193: AA position not found in protein: P62491, /B@193. Skipped all other attempts on this PDB file."
P62491,"Error in 5fbw, P62491, /B@193: AA position not found in protein: P62491, /B@193. Skipped all other attempts on this PDB file."
P40926,"Error in 2dfd, P40926, /A@38: N/Q not found in this AA or the preceding one: P40926, /A@38. Skipped all other attempts on this PDB file."
P11021,"Error in 6asy, P11021, /A@628: N/Q not found in this AA or the preceding one: P11021, /A@628. Skipped all other attempts on this PDB file."
P11021,"Error in 7n1r, P11021, /A@628: N/Q not found in this AA or the preceding one: P11021, /A@628. Skipped all other attempts on this PDB file."
P11021,"Error in 5e84, P11021, /A@628: N/Q not found in this AA or the preceding one: P11021, /A@628. Skipped all other attempts on this PDB file."
P06753,"Error in 6otn, P06753, /A@90: AA position not found in protein: P06753, /A@90. Skipped all other attempts on this PDB file."
O75390,"Error in 5uzq, O75390, /A@242: N/Q not found in this AA or the preceding one: O75390, /A@242. Skipped all other attempts on this PDB file."
Q15637,"Error in 7vpx, Q15637, /D@210: Expected exactly two atoms and/or measurable objects (e.g. axes, planes), or one or more measurable objects and one or more atoms, got 1 atoms and 0 measurable objects. Skipped all other attempts on this PDB file."
Q13885,"Error in 7nvn, Q13885, /T@348: AA position not found in protein: Q13885, /T@348. Skipped all other attempts on this PDB file."
P07203,"Error in 2f8a, P07203, /A@86: N/Q not found in this AA or the preceding one: P07203, /A@86. Skipped all other attempts on this PDB file."
Q99959,"Error in 3tt9, Q99959, /A@530: N/Q not found in this AA or the preceding one: Q99959, /A@530. Skipped all other attempts on this PDB file."
Q9UMS4,"Error in 8c6j, Q9UMS4, /t@144: AA position not found in protein: Q9UMS4, /t@144. Skipped all other attempts on this PDB file."
Q9UMS4,"Error in 6id1, Q9UMS4, /q@144: AA position not found in protein: Q9UMS4, /q@144. Skipped all other attempts on this PDB file."
Q9UMS4,"Error in 6id0, Q9UMS4, /q@144: AA position not found in protein: Q9UMS4, /q@144. Skipped all other attempts on this PDB file."
Q9UMS4,"Error in 6icz, Q9UMS4, /q@144: AA position not found in protein: Q9UMS4, /q@144. Skipped all other attempts on this PDB file."
Q9UMS4,"Error in 6qdv, Q9UMS4, /t@144: AA position not found in protein: Q9UMS4, /t@144. Skipped all other attempts on this PDB file."
P04844,"Error in 6s7o, P04844, /F@238: AA position not found in protein: P04844, /F@238. Skipped all other attempts on this PDB file."
P04844,"Error in 6s7t, P04844, /F@238: AA position not found in protein: P04844, /F@238. Skipped all other attempts on this PDB file."
P07384,"Error in 7x79, P07384, /A@611: AA position not found in protein: P07384, /A@611. Skipped all other attempts on this PDB file."
P04040,"Error in 7p8w, P04040, /A@514: AA position not found in protein: P04040, /A@514. Skipped all other attempts on this PDB file."
P04040,"Error in 7vd9, P04040, /A@514: AA position not found in protein: P04040, /A@514. Skipped all other attempts on this PDB file."
P04040,"Error in 1f4j, P04040, /A@514: AA position not found in protein: P04040, /A@514. Skipped all other attempts on this PDB file."
P04040,"Error in 1qqw, P04040, /A@514: AA position not found in protein: P04040, /A@514. Skipped all other attempts on this PDB file."
Q16850,"Error in 3ld6, Q16850, /A@489: N/Q not found in this AA or the preceding one: Q16850, /A@489. Skipped all other attempts on this PDB file."
Q16850,"Error in 3jus, Q16850, /A@489: N/Q not found in this AA or the preceding one: Q16850, /A@489. Skipped all other attempts on this PDB file."
Q16850,"Error in 3juv, Q16850, /A@489: N/Q not found in this AA or the preceding one: Q16850, /A@489. Skipped all other attempts on this PDB file."
Q16850,"Error in 6uez, Q16850, /A@489: N/Q not found in this AA or the preceding one: Q16850, /A@489. Skipped all other attempts on this PDB file."
Q16850,"Error in 4uhi, Q16850, /A@489: N/Q not found in this AA or the preceding one: Q16850, /A@489. Skipped all other attempts on this PDB file."
Q16850,"Error in 4uhl, Q16850, /A@489: N/Q not found in this AA or the preceding one: Q16850, /A@489. Skipped all other attempts on this PDB file."
Q16850,"Error in 6q2t, Q16850, /A@489: N/Q not found in this AA or the preceding one: Q16850, /A@489. Skipped all other attempts on this PDB file."
Q16778,"Error in 6a7u, Q16778, /A@68: N/Q not found in this AA or the preceding one: Q16778, /A@68. Skipped all other attempts on this PDB file."
Q15006,"Error in 7ado, Q15006, /B@296: AA position not found in protein: Q15006, /B@296. Skipped all other attempts on this PDB file."
Q15006,"Error in 6ww7, Q15006, /B@296: AA position not found in protein: Q15006, /B@296. Skipped all other attempts on this PDB file."
P31937,"Error in 2i9p, P31937, /A@117: Expected exactly two atoms and/or measurable objects (e.g. axes, planes), or one or more measurable objects and one or more atoms, got 1 atoms and 0 measurable objects. Skipped all other attempts on this PDB file."
P35580,"Error in 4pd3, P35580, /A@488: AA position not found in protein: P35580, /A@488. Skipped all other attempts on this PDB file."
P31327,"Error in 6uel, P31327, /A@619: AA position not found in protein: P31327, /A@619. Skipped all other attempts on this PDB file."
P17516,"Error in 2fvl, P17516, /A@93: Cannot set attribute 'res_numbering' to 'uniprot'. Skipped all other attempts on this PDB file."
P11498,"Error in 7wte, P11498, /A@256: AA position not found in protein: P11498, /A@256. Skipped all other attempts on this PDB file."
P23246,"Error in 7uk1, P23246, /A@558: AA position not found in protein: P23246, /A@558. Skipped all other attempts on this PDB file."
P0DOY2,"Error in 1aqk, P0DOY2, /L@61: N/Q not found in this AA or the preceding one: P0DOY2, /L@61. Skipped all other attempts on this PDB file."
P02751,"Error in 1fnf, P02751, /A@1628: AA position not found in protein: P02751, /A@1628. Skipped all other attempts on this PDB file."
P02751,"Error in 7nwl, P02751, /C@1628: AA position not found in protein: P02751, /C@1628. Skipped all other attempts on this PDB file."
P02751,"Error in 6xay, P02751, /A@1628: N/Q not found in this AA or the preceding one: P02751, /A@1628. Skipped all other attempts on this PDB file."
P02751,"Error in 4lxo, P02751, /A@1628: AA position not found in protein: P02751, /A@1628. Skipped all other attempts on this PDB file."
P02751,"Error in 5dc4, P02751, /B@1628: AA position not found in protein: P02751, /B@1628. Skipped all other attempts on this PDB file."
P02751,"Error in 5dc9, P02751, /B@1628: AA position not found in protein: P02751, /B@1628. Skipped all other attempts on this PDB file."
P02751,"Error in 2ck2, P02751, /A@1628: AA position not found in protein: P02751, /A@1628. Skipped all other attempts on this PDB file."
P02751,"Error in 5dc0, P02751, /A@1628: AA position not found in protein: P02751, /A@1628. Skipped all other attempts on this PDB file."
P02751,"Error in 4je4, P02751, /B@1628: AA position not found in protein: P02751, /B@1628. Skipped all other attempts on this PDB file."
P02751,"Error in 5j7c, P02751, /C@1628: AA position not found in protein: P02751, /C@1628. Skipped all other attempts on this PDB file."
P02751,"Error in 2ocf, P02751, /D@1628: AA position not found in protein: P02751, /D@1628. Skipped all other attempts on this PDB file."
O00399,"Error in 3tv0, O00399, /A@160: AA position not found in protein: O00399, /A@160. Skipped all other attempts on this PDB file."
Q01105,"Error in 2e50, Q01105, /A@53: N/Q not found in this AA or the preceding one: Q01105, /A@53. Skipped all other attempts on this PDB file."
Q01105,"Error in 7mto, Q01105, /A@53: N/Q not found in this AA or the preceding one: Q01105, /A@53. Skipped all other attempts on this PDB file."
P32754,"Error in 5ec3, P32754, /A@387: AA position not found in protein: P32754, /A@387. Skipped all other attempts on this PDB file."
P32754,"Error in 3isq, P32754, /A@387: AA position not found in protein: P32754, /A@387. Skipped all other attempts on this PDB file."
P40926,"Error in 2dfd, P40926, /A@267: N/Q not found in this AA or the preceding one: P40926, /A@267. Skipped all other attempts on this PDB file."
P04844,"Error in 6s7o, P04844, /F@335: AA position not found in protein: P04844, /F@335. Skipped all other attempts on this PDB file."
P04844,"Error in 6s7t, P04844, /F@335: AA position not found in protein: P04844, /F@335. Skipped all other attempts on this PDB file."
O60716,"Error in 3l6x, O60716, /A@896: AA position not found in protein: O60716, /A@896. Skipped all other attempts on this PDB file."
O60716,"Error in 3l6y, O60716, /A@896: AA position not found in protein: O60716, /A@896. Skipped all other attempts on this PDB file."
P00738,"Error in 4wjg, P00738, /2@400: N/Q not found in this AA or the preceding one: P00738, /2@400. Skipped all other attempts on this PDB file."
P01861,"Error in 3eo1, P01861, /B@58: N/Q not found in this AA or the preceding one: P01861, /B@58. Skipped all other attempts on this PDB file."
Q96CT7,"Error in 6zm7, Q96CT7, /CE@133: AA position not found in protein: Q96CT7, /CE@133. Skipped all other attempts on this PDB file."
Q96CT7,"Error in 6z6l, Q96CT7, /CE@133: AA position not found in protein: Q96CT7, /CE@133. Skipped all other attempts on this PDB file."
Q96CT7,"Error in 6zme, Q96CT7, /CE@133: AA position not found in protein: Q96CT7, /CE@133. Skipped all other attempts on this PDB file."
Q8NBS9,"Error in 8eky, Q8NBS9, /M@295: Expected exactly two atoms and/or measurable objects (e.g. axes, planes), or one or more measurable objects and one or more atoms, got 1 atoms and 0 measurable objects. Skipped all other attempts on this PDB file."
Q8NBS9,"Error in 3wgx, Q8NBS9, /A@295: Expected exactly two atoms and/or measurable objects (e.g. axes, planes), or one or more measurable objects and one or more atoms, got 1 atoms and 0 measurable objects. Skipped all other attempts on this PDB file."
Q13765,"Error in 7qwq, Q13765, /t@156: AA position not found in protein: Q13765, /t@156. Skipped all other attempts on this PDB file."
Q13765,"Error in 7qwr, Q13765, /t@156: AA position not found in protein: Q13765, /t@156. Skipped all other attempts on this PDB file."
Q13765,"Error in 8p2k, Q13765, /Na@156: AA position not found in protein: Q13765, /Na@156. Skipped all other attempts on this PDB file."
Q13765,"Error in 7qws, Q13765, /t@156: AA position not found in protein: Q13765, /t@156. Skipped all other attempts on this PDB file."
P54578,"Error in 7w37, P54578, /x@327: AA position not found in protein: P54578, /x@327. Skipped all other attempts on this PDB file."
P54578,"Error in 7w38, P54578, /x@327: AA position not found in protein: P54578, /x@327. Skipped all other attempts on this PDB file."
P54578,"Error in 7w39, P54578, /x@327: AA position not found in protein: P54578, /x@327. Skipped all other attempts on this PDB file."
P10636,"Error in 7qky, P10636, /A@685: AA position not found in protein: P10636, /A@685. Skipped all other attempts on this PDB file."
P10636,"Error in 7p6a, P10636, /A@685: AA position not found in protein: P10636, /A@685. Skipped all other attempts on this PDB file."
P10636,"Error in 7qk5, P10636, /A@685: AA position not found in protein: P10636, /A@685. Skipped all other attempts on this PDB file."
P10636,"Error in 8ppo, P10636, /A@685: AA position not found in protein: P10636, /A@685. Skipped all other attempts on this PDB file."
P10636,"Error in 7qkl, P10636, /A@685: AA position not found in protein: P10636, /A@685. Skipped all other attempts on this PDB file."
P10636,"Error in 7p6b, P10636, /A@685: AA position not found in protein: P10636, /A@685. Skipped all other attempts on this PDB file."
P10636,"Error in 7qk6, P10636, /A@685: AA position not found in protein: P10636, /A@685. Skipped all other attempts on this PDB file."
P10636,"Error in 6nwp, P10636, /A@685: AA position not found in protein: P10636, /A@685. Skipped all other attempts on this PDB file."
P10636,"Error in 7qkw, P10636, /A@685: AA position not found in protein: P10636, /A@685. Skipped all other attempts on this PDB file."
P10636,"Error in 7qk3, P10636, /A@685: AA position not found in protein: P10636, /A@685. Skipped all other attempts on this PDB file."
P10636,"Error in 7p6c, P10636, /A@685: AA position not found in protein: P10636, /A@685. Skipped all other attempts on this PDB file."
P10636,"Error in 7qku, P10636, /A@685: AA position not found in protein: P10636, /A@685. Skipped all other attempts on this PDB file."
P10636,"Error in 7r5h, P10636, /A@685: AA position not found in protein: P10636, /A@685. Skipped all other attempts on this PDB file."
P10636,"Error in 8byn, P10636, /A@685: AA position not found in protein: P10636, /A@685. Skipped all other attempts on this PDB file."
P10636,"Error in 7qk2, P10636, /A@685: AA position not found in protein: P10636, /A@685. Skipped all other attempts on this PDB file."
P10636,"Error in 7qkz, P10636, /A@685: AA position not found in protein: P10636, /A@685. Skipped all other attempts on this PDB file."
P10636,"Error in 7qkm, P10636, /A@685: AA position not found in protein: P10636, /A@685. Skipped all other attempts on this PDB file."
P10636,"Error in 7nrs, P10636, /A@685: AA position not found in protein: P10636, /A@685. Skipped all other attempts on this PDB file."
P10636,"Error in 7nrt, P10636, /A@685: AA position not found in protein: P10636, /A@685. Skipped all other attempts on this PDB file."
P10636,"Error in 7p65, P10636, /A@685: AA position not found in protein: P10636, /A@685. Skipped all other attempts on this PDB file."
P10636,"Error in 7r4t, P10636, /A@685: AA position not found in protein: P10636, /A@685. Skipped all other attempts on this PDB file."
P10636,"Error in 7nrq, P10636, /A@685: AA position not found in protein: P10636, /A@685. Skipped all other attempts on this PDB file."
P10636,"Error in 7qkk, P10636, /A@685: AA position not found in protein: P10636, /A@685. Skipped all other attempts on this PDB file."
P10636,"Error in 7qjw, P10636, /A@685: AA position not found in protein: P10636, /A@685. Skipped all other attempts on this PDB file."
P10636,"Error in 7qkf, P10636, /A@685: AA position not found in protein: P10636, /A@685. Skipped all other attempts on this PDB file."
P10636,"Error in 7p68, P10636, /A@685: AA position not found in protein: P10636, /A@685. Skipped all other attempts on this PDB file."
P10636,"Error in 7ql2, P10636, /A@685: AA position not found in protein: P10636, /A@685. Skipped all other attempts on this PDB file."
P10636,"Error in 7qjx, P10636, /A@685: AA position not found in protein: P10636, /A@685. Skipped all other attempts on this PDB file."
P10636,"Error in 6tjx, P10636, /A@685: AA position not found in protein: P10636, /A@685. Skipped all other attempts on this PDB file."
P10636,"Error in 7mkf, P10636, /A@685: AA position not found in protein: P10636, /A@685. Skipped all other attempts on this PDB file."
P10636,"Error in 7nrv, P10636, /A@685: AA position not found in protein: P10636, /A@685. Skipped all other attempts on this PDB file."
P10636,"Error in 7p66, P10636, /A@685: AA position not found in protein: P10636, /A@685. Skipped all other attempts on this PDB file."
P10636,"Error in 7qk1, P10636, /A@685: AA position not found in protein: P10636, /A@685. Skipped all other attempts on this PDB file."
P10636,"Error in 7mkg, P10636, /A@685: AA position not found in protein: P10636, /A@685. Skipped all other attempts on this PDB file."
P10636,"Error in 7p67, P10636, /A@685: AA position not found in protein: P10636, /A@685. Skipped all other attempts on this PDB file."
P10636,"Error in 8azu, P10636, /C@685: AA position not found in protein: P10636, /C@685. Skipped all other attempts on this PDB file."
P10636,"Error in 7qki, P10636, /A@685: AA position not found in protein: P10636, /A@685. Skipped all other attempts on this PDB file."
P10636,"Error in 7ql0, P10636, /A@685: AA position not found in protein: P10636, /A@685. Skipped all other attempts on this PDB file."
P10636,"Error in 7qjy, P10636, /A@685: AA position not found in protein: P10636, /A@685. Skipped all other attempts on this PDB file."
P10636,"Error in 7qkx, P10636, /A@685: AA position not found in protein: P10636, /A@685. Skipped all other attempts on this PDB file."
P10636,"Error in 8bgs, P10636, /A@685: AA position not found in protein: P10636, /A@685. Skipped all other attempts on this PDB file."
P10636,"Error in 7qkh, P10636, /A@685: AA position not found in protein: P10636, /A@685. Skipped all other attempts on this PDB file."
P10636,"Error in 6hre, P10636, /A@685: AA position not found in protein: P10636, /A@685. Skipped all other attempts on this PDB file."
P10636,"Error in 6tjo, P10636, /A@685: AA position not found in protein: P10636, /A@685. Skipped all other attempts on this PDB file."
P10636,"Error in 7ql4, P10636, /A@685: AA position not found in protein: P10636, /A@685. Skipped all other attempts on this PDB file."
P10636,"Error in 7qkv, P10636, /A@685: AA position not found in protein: P10636, /A@685. Skipped all other attempts on this PDB file."
P10636,"Error in 7qkj, P10636, /A@685: AA position not found in protein: P10636, /A@685. Skipped all other attempts on this PDB file."
P10636,"Error in 8bgv, P10636, /A@685: AA position not found in protein: P10636, /A@685. Skipped all other attempts on this PDB file."
P10636,"Error in 7qjv, P10636, /A@685: AA position not found in protein: P10636, /A@685. Skipped all other attempts on this PDB file."
P10636,"Error in 6hrf, P10636, /A@685: AA position not found in protein: P10636, /A@685. Skipped all other attempts on this PDB file."
P10636,"Error in 7mkh, P10636, /A@685: AA position not found in protein: P10636, /A@685. Skipped all other attempts on this PDB file."
P10636,"Error in 7p6d, P10636, /A@685: AA position not found in protein: P10636, /A@685. Skipped all other attempts on this PDB file."
P10636,"Error in 7upf, P10636, /A@685: AA position not found in protein: P10636, /A@685. Skipped all other attempts on this PDB file."
P10636,"Error in 7ql3, P10636, /A@685: AA position not found in protein: P10636, /A@685. Skipped all other attempts on this PDB file."
P10636,"Error in 7ql1, P10636, /A@685: AA position not found in protein: P10636, /A@685. Skipped all other attempts on this PDB file."
P10636,"Error in 7qkg, P10636, /A@685: AA position not found in protein: P10636, /A@685. Skipped all other attempts on this PDB file."
P10636,"Error in 6nwq, P10636, /A@685: AA position not found in protein: P10636, /A@685. Skipped all other attempts on this PDB file."
P10636,"Error in 7p6e, P10636, /A@685: AA position not found in protein: P10636, /A@685. Skipped all other attempts on this PDB file."
P10636,"Error in 7qjz, P10636, /A@685: AA position not found in protein: P10636, /A@685. Skipped all other attempts on this PDB file."
P10636,"Error in 7sp1, P10636, /A@685: AA position not found in protein: P10636, /A@685. Skipped all other attempts on this PDB file."
P10636,"Error in 7upe, P10636, /A@685: AA position not found in protein: P10636, /A@685. Skipped all other attempts on this PDB file."
P10636,"Error in 8org, P10636, /A@685: AA position not found in protein: P10636, /A@685. Skipped all other attempts on this PDB file."
P10636,"Error in 8orf, P10636, /A@685: AA position not found in protein: P10636, /A@685. Skipped all other attempts on this PDB file."
P10636,"Error in 8q9f, P10636, /A@685: AA position not found in protein: P10636, /A@685. Skipped all other attempts on this PDB file."
P10636,"Error in 8q8c, P10636, /A@685: AA position not found in protein: P10636, /A@685. Skipped all other attempts on this PDB file."
P10636,"Error in 8q27, P10636, /A@685: AA position not found in protein: P10636, /A@685. Skipped all other attempts on this PDB file."
P10636,"Error in 8q2j, P10636, /A@685: AA position not found in protein: P10636, /A@685. Skipped all other attempts on this PDB file."
P10636,"Error in 8q9i, P10636, /A@685: AA position not found in protein: P10636, /A@685. Skipped all other attempts on this PDB file."
P10636,"Error in 8q9g, P10636, /A@685: AA position not found in protein: P10636, /A@685. Skipped all other attempts on this PDB file."
P10636,"Error in 8q9m, P10636, /A@685: AA position not found in protein: P10636, /A@685. Skipped all other attempts on this PDB file."
P10636,"Error in 8qcr, P10636, /A@685: AA position not found in protein: P10636, /A@685. Skipped all other attempts on this PDB file."
P10636,"Error in 8q9l, P10636, /A@685: AA position not found in protein: P10636, /A@685. Skipped all other attempts on this PDB file."
P10636,"Error in 8q7l, P10636, /A@685: AA position not found in protein: P10636, /A@685. Skipped all other attempts on this PDB file."
P10636,"Error in 8q2k, P10636, /A@685: AA position not found in protein: P10636, /A@685. Skipped all other attempts on this PDB file."
P10636,"Error in 8q88, P10636, /A@685: AA position not found in protein: P10636, /A@685. Skipped all other attempts on this PDB file."
P10636,"Error in 8q9j, P10636, /A@685: AA position not found in protein: P10636, /A@685. Skipped all other attempts on this PDB file."
P10636,"Error in 8q7t, P10636, /A@685: AA position not found in protein: P10636, /A@685. Skipped all other attempts on this PDB file."
P10636,"Error in 8q8d, P10636, /A@685: AA position not found in protein: P10636, /A@685. Skipped all other attempts on this PDB file."
P10636,"Error in 8q9o, P10636, /A@685: AA position not found in protein: P10636, /A@685. Skipped all other attempts on this PDB file."
P10636,"Error in 8q9k, P10636, /A@685: AA position not found in protein: P10636, /A@685. Skipped all other attempts on this PDB file."
P10636,"Error in 8qcp, P10636, /A@685: AA position not found in protein: P10636, /A@685. Skipped all other attempts on this PDB file."
P10636,"Error in 8q7m, P10636, /A@685: AA position not found in protein: P10636, /A@685. Skipped all other attempts on this PDB file."
P10636,"Error in 8q7p, P10636, /A@685: AA position not found in protein: P10636, /A@685. Skipped all other attempts on this PDB file."
P10636,"Error in 8ore, P10636, /A@685: AA position not found in protein: P10636, /A@685. Skipped all other attempts on this PDB file."
P10636,"Error in 6cvj, P10636, /D@685: AA position not found in protein: P10636, /D@685. Skipped all other attempts on this PDB file."
P10636,"Error in 7ypg, P10636, /A@685: AA position not found in protein: P10636, /A@685. Skipped all other attempts on this PDB file."
P10636,"Error in 7ymn, P10636, /A@685: AA position not found in protein: P10636, /A@685. Skipped all other attempts on this PDB file."
P10636,"Error in 8p34, P10636, /A@685: AA position not found in protein: P10636, /A@685. Skipped all other attempts on this PDB file."
P10636,"Error in 6gx5, P10636, /A@685: AA position not found in protein: P10636, /A@685. Skipped all other attempts on this PDB file."
P10636,"Error in 6vhl, P10636, /E@685: AA position not found in protein: P10636, /E@685. Skipped all other attempts on this PDB file."
P10636,"Error in 6vi3, P10636, /E@685: AA position not found in protein: P10636, /E@685. Skipped all other attempts on this PDB file."
P10636,"Error in 8fug, P10636, /A@685: AA position not found in protein: P10636, /A@685. Skipped all other attempts on this PDB file."
P02545,"Error in 6yjd, P02545, /A@396: AA position not found in protein: P02545, /A@396. Skipped all other attempts on this PDB file."
P02545,"Error in 2xv5, P02545, /A@396: AA position not found in protein: P02545, /A@396. Skipped all other attempts on this PDB file."
O60716,"Error in 3l6x, O60716, /A@765: N/Q not found in this AA or the preceding one: O60716, /A@765. Skipped all other attempts on this PDB file."
O60716,"Error in 3l6y, O60716, /A@765: index 0 is out of bounds for axis 0 with size 0. Skipped all other attempts on this PDB file."
Q9HCU5,"Error in 5tf2, Q9HCU5, /A@103: AA position not found in protein: Q9HCU5, /A@103. Skipped all other attempts on this PDB file."
Q15582,"Error in 5nv6, Q15582, /A@656: AA position not found in protein: Q15582, /A@656. Skipped all other attempts on this PDB file."
Q14204,"Error in 7z8i, Q14204, /f@4532: AA position not found in protein: Q14204, /f@4532. Skipped all other attempts on this PDB file."
Q14204,"Error in 7z8h, Q14204, /A@4532: AA position not found in protein: Q14204, /A@4532. Skipped all other attempts on this PDB file."
P11021,"Error in 6asy, P11021, /A@458: N/Q not found in this AA or the preceding one: P11021, /A@458. Skipped all other attempts on this PDB file."
P11021,"Error in 7n1r, P11021, /A@458: N/Q not found in this AA or the preceding one: P11021, /A@458. Skipped all other attempts on this PDB file."
P11021,"Error in 5e84, P11021, /A@458: N/Q not found in this AA or the preceding one: P11021, /A@458. Skipped all other attempts on this PDB file."
P02751,"Error in 3r8q, P02751, /A@1949: N/Q not found in this AA or the preceding one: P02751, /A@1949. Skipped all other attempts on this PDB file."
P02751,"Error in 1fnh, P02751, /A@1949: N/Q not found in this AA or the preceding one: P02751, /A@1949. Skipped all other attempts on this PDB file."
P04839,"Error in 8gz3, P04839, /B@529: Expected exactly two atoms and/or measurable objects (e.g. axes, planes), or one or more measurable objects and one or more atoms, got 1 atoms and 0 measurable objects. Skipped all other attempts on this PDB file."
P04839,"Error in 7u8g, P04839, /A@529: AA position not found in protein: P04839, /A@529. Skipped all other attempts on this PDB file."
P02751,"Error in 3r8q, P02751, /A@1978: N/Q not found in this AA or the preceding one: P02751, /A@1978. Skipped all other attempts on this PDB file."
P02751,"Error in 3r8q, P02751, /A@1965: N/Q not found in this AA or the preceding one: P02751, /A@1965. Skipped all other attempts on this PDB file."
P02751,"Error in 1fnh, P02751, /A@1965: N/Q not found in this AA or the preceding one: P02751, /A@1965. Skipped all other attempts on this PDB file."
O75027,"Error in 7vgf, O75027, /A@174: AA position not found in protein: O75027, /A@174. Skipped all other attempts on this PDB file."
O60701,"Error in 5vr8, O60701, /A@489: AA position not found in protein: O60701, /A@489. Skipped all other attempts on this PDB file."
O60701,"Error in 5tjh, O60701, /A@489: AA position not found in protein: O60701, /A@489. Skipped all other attempts on this PDB file."
O60701,"Error in 4edf, O60701, /A@489: AA position not found in protein: O60701, /A@489. Skipped all other attempts on this PDB file."
O60701,"Error in 6c58, O60701, /A@489: AA position not found in protein: O60701, /A@489. Skipped all other attempts on this PDB file."
O60701,"Error in 6c5a, O60701, /A@489: AA position not found in protein: O60701, /A@489. Skipped all other attempts on this PDB file."
O60701,"Error in 3ptz, O60701, /A@489: AA position not found in protein: O60701, /A@489. Skipped all other attempts on this PDB file."
O60701,"Error in 6c4j, O60701, /A@489: AA position not found in protein: O60701, /A@489. Skipped all other attempts on this PDB file."
O60701,"Error in 6c4k, O60701, /A@489: AA position not found in protein: O60701, /A@489. Skipped all other attempts on this PDB file."
O60701,"Error in 4rjt, O60701, /A@489: AA position not found in protein: O60701, /A@489. Skipped all other attempts on this PDB file."
O60701,"Error in 6c5z, O60701, /A@489: AA position not found in protein: O60701, /A@489. Skipped all other attempts on this PDB file."
O60701,"Error in 3prj, O60701, /A@489: AA position not found in protein: O60701, /A@489. Skipped all other attempts on this PDB file."
O60701,"Error in 3tf5, O60701, /A@489: AA position not found in protein: O60701, /A@489. Skipped all other attempts on this PDB file."
Q8NC51,"Error in 6z6n, Q8NC51, /CD@358: AA position not found in protein: Q8NC51, /CD@358. Skipped all other attempts on this PDB file."
Q8NC51,"Error in 6z6m, Q8NC51, /CD@358: AA position not found in protein: Q8NC51, /CD@358. Skipped all other attempts on this PDB file."
Q06787,"Error in 2qnd, Q06787, /A@422: AA position not found in protein: Q06787, /A@422. Skipped all other attempts on this PDB file."
P61011,"Error in 7qwq, P61011, /x@494: AA position not found in protein: P61011, /x@494. Skipped all other attempts on this PDB file."
P61011,"Error in 7nfx, P61011, /x@494: AA position not found in protein: P61011, /x@494. Skipped all other attempts on this PDB file."
P29459,"Error in 1f45, P29459, /B@173: AA position not found in protein: P29459, /B@173. Skipped all other attempts on this PDB file."
P25311,"Error in 1t7v, P25311, /A@176: N/Q not found in this AA or the preceding one: P25311, /A@176. Skipped all other attempts on this PDB file."
P25311,"Error in 1t80, P25311, /A@176: N/Q not found in this AA or the preceding one: P25311, /A@176. Skipped all other attempts on this PDB file."
P23193,"Error in 7unc, P23193, /O@51: AA position not found in protein: P23193, /O@51. Skipped all other attempts on this PDB file."
P23193,"Error in 7und, P23193, /O@51: AA position not found in protein: P23193, /O@51. Skipped all other attempts on this PDB file."
P23193,"Error in 8a40, P23193, /U@51: AA position not found in protein: P23193, /U@51. Skipped all other attempts on this PDB file."
P13010,"Error in 8ag4, P13010, /B@622: AA position not found in protein: P13010, /B@622. Skipped all other attempts on this PDB file."
P13010,"Error in 7zyg, P13010, /B@622: AA position not found in protein: P13010, /B@622. Skipped all other attempts on this PDB file."
P13010,"Error in 7zvt, P13010, /B@622: AA position not found in protein: P13010, /B@622. Skipped all other attempts on this PDB file."
P13010,"Error in 7zwa, P13010, /B@622: AA position not found in protein: P13010, /B@622. Skipped all other attempts on this PDB file."
P22314,"Error in 4p22, P22314, /A@22: AA position not found in protein: P22314, /A@22. Skipped all other attempts on this PDB file."
P08648,"Error in 7nwl, P08648, /A@892: AA position not found in protein: P08648, /A@892. Skipped all other attempts on this PDB file."
P08246,"Error in 7cbk, P08246, /B@63: N/Q not found in this AA or the preceding one: P08246, /B@63. Skipped all other attempts on this PDB file."
O60313,"Error in 6jtg, O60313, /A@430: AA position not found in protein: O60313, /A@430. Skipped all other attempts on this PDB file."
Q13148,"Error in 8cg3, Q13148, /A@70: AA position not found in protein: Q13148, /A@70. Skipped all other attempts on this PDB file."
Q13148,"Error in 8cgg, Q13148, /A@70: AA position not found in protein: Q13148, /A@70. Skipped all other attempts on this PDB file."
Q13148,"Error in 7py2, Q13148, /A@70: AA position not found in protein: Q13148, /A@70. Skipped all other attempts on this PDB file."
Q13148,"Error in 8cgh, Q13148, /A@70: AA position not found in protein: Q13148, /A@70. Skipped all other attempts on this PDB file."
Q15019,"Error in 2qa5, Q15019, /A@137: Expected exactly two atoms and/or measurable objects (e.g. axes, planes), or one or more measurable objects and one or more atoms, got 1 atoms and 0 measurable objects. Skipped all other attempts on this PDB file."
Q13509,"Error in 6s8l, Q13509, /B@52: N/Q not found in this AA or the preceding one: Q13509, /B@52. Skipped all other attempts on this PDB file."
Q13509,"Error in 7pjf, Q13509, /B@52: N/Q not found in this AA or the preceding one: Q13509, /B@52. Skipped all other attempts on this PDB file."
Q14204,"Error in 7z8i, Q14204, /f@3185: AA position not found in protein: Q14204, /f@3185. Skipped all other attempts on this PDB file."
Q14204,"Error in 7z8h, Q14204, /A@3185: AA position not found in protein: Q14204, /A@3185. Skipped all other attempts on this PDB file."
Q14204,"Error in 8fd6, Q14204, /A@3185: N/Q not found in this AA or the preceding one: Q14204, /A@3185. Skipped all other attempts on this PDB file."
Q14204,"Error in 8fdt, Q14204, /A@3185: N/Q not found in this AA or the preceding one: Q14204, /A@3185. Skipped all other attempts on this PDB file."
Q14204,"Error in 8fdu, Q14204, /A@3185: N/Q not found in this AA or the preceding one: Q14204, /A@3185. Skipped all other attempts on this PDB file."
Q14204,"Error in 8fcy, Q14204, /A@3185: N/Q not found in this AA or the preceding one: Q14204, /A@3185. Skipped all other attempts on this PDB file."
Q14204,"Error in 7z8i, Q14204, /f@3202: AA position not found in protein: Q14204, /f@3202. Skipped all other attempts on this PDB file."
Q14204,"Error in 7z8h, Q14204, /A@3202: AA position not found in protein: Q14204, /A@3202. Skipped all other attempts on this PDB file."
P35222,"Error in 6m90, P35222, /C@27: AA position not found in protein: P35222, /C@27. Skipped all other attempts on this PDB file."
P35222,"Error in 6m92, P35222, /C@27: AA position not found in protein: P35222, /C@27. Skipped all other attempts on this PDB file."
P35222,"Error in 6m91, P35222, /C@27: AA position not found in protein: P35222, /C@27. Skipped all other attempts on this PDB file."
P35222,"Error in 6m93, P35222, /C@27: AA position not found in protein: P35222, /C@27. Skipped all other attempts on this PDB file."
P35222,"Error in 6m94, P35222, /C@27: AA position not found in protein: P35222, /C@27. Skipped all other attempts on this PDB file."
P35222,"Error in 1p22, P35222, /C@27: AA position not found in protein: P35222, /C@27. Skipped all other attempts on this PDB file."
P11498,"Error in 7wte, P11498, /A@28: AA position not found in protein: P11498, /A@28. Skipped all other attempts on this PDB file."
P11498,"Error in 7wte, P11498, /A@326: AA position not found in protein: P11498, /A@326. Skipped all other attempts on this PDB file."
P15927,"Error in 2pi2, P15927, /A@193: AA position not found in protein: P15927, /A@193. Skipped all other attempts on this PDB file."
P15927,"Error in 2z6k, P15927, /A@193: AA position not found in protein: P15927, /A@193. Skipped all other attempts on this PDB file."
Q8TCJ2,"Error in 6s7t, Q8TCJ2, /A@28: AA position not found in protein: Q8TCJ2, /A@28. Skipped all other attempts on this PDB file."
Q16775,"Error in 1qh5, Q16775, /A@226: N/Q not found in this AA or the preceding one: Q16775, /A@226. Skipped all other attempts on this PDB file."
Q16775,"Error in 1qh3, Q16775, /A@226: N/Q not found in this AA or the preceding one: Q16775, /A@226. Skipped all other attempts on this PDB file."
Q14204,"Error in 7z8i, Q14204, /f@1818: AA position not found in protein: Q14204, /f@1818. Skipped all other attempts on this PDB file."
Q14204,"Error in 7z8h, Q14204, /A@1818: AA position not found in protein: Q14204, /A@1818. Skipped all other attempts on this PDB file."
Q14204,"Error in 8fd6, Q14204, /A@1818: N/Q not found in this AA or the preceding one: Q14204, /A@1818. Skipped all other attempts on this PDB file."
Q14204,"Error in 8fdt, Q14204, /A@1818: N/Q not found in this AA or the preceding one: Q14204, /A@1818. Skipped all other attempts on this PDB file."
Q14204,"Error in 8fdu, Q14204, /A@1818: AA position not found in protein: Q14204, /A@1818. Skipped all other attempts on this PDB file."
P55884,"Error in 6zp4, P55884, /B@131: AA position not found in protein: P55884, /B@131. Skipped all other attempts on this PDB file."
P55884,"Error in 6zon, P55884, /B@131: AA position not found in protein: P55884, /B@131. Skipped all other attempts on this PDB file."
P55884,"Error in 7a09, P55884, /B@131: AA position not found in protein: P55884, /B@131. Skipped all other attempts on this PDB file."
P54819,"Error in 2c9y, P54819, /A@193: Expected exactly two atoms and/or measurable objects (e.g. axes, planes), or one or more measurable objects and one or more atoms, got 1 atoms and 0 measurable objects. Skipped all other attempts on this PDB file."
P35580,"Error in 4pd3, P35580, /A@507: AA position not found in protein: P35580, /A@507. Skipped all other attempts on this PDB file."
P23396,"Error in 8glp, P23396, /SD@238: AA position not found in protein: P23396, /SD@238. Skipped all other attempts on this PDB file."
P23396,"Error in 7r4x, P23396, /D@238: AA position not found in protein: P23396, /D@238. Skipped all other attempts on this PDB file."
P23396,"Error in 8g5y, P23396, /SD@238: AA position not found in protein: P23396, /SD@238. Skipped all other attempts on this PDB file."
P23396,"Error in 7xny, P23396, /SD@238: AA position not found in protein: P23396, /SD@238. Skipped all other attempts on this PDB file."
P23396,"Error in 8g60, P23396, /SD@238: AA position not found in protein: P23396, /SD@238. Skipped all other attempts on this PDB file."
P23396,"Error in 6zlw, P23396, /F@238: AA position not found in protein: P23396, /F@238. Skipped all other attempts on this PDB file."
P23396,"Error in 6zmi, P23396, /SD@238: AA position not found in protein: P23396, /SD@238. Skipped all other attempts on this PDB file."
P23396,"Error in 6zxg, P23396, /D@238: AA position not found in protein: P23396, /D@238. Skipped all other attempts on this PDB file."
P23396,"Error in 6zm7, P23396, /SD@238: AA position not found in protein: P23396, /SD@238. Skipped all other attempts on this PDB file."
P23396,"Error in 6zxh, P23396, /D@238: AA position not found in protein: P23396, /D@238. Skipped all other attempts on this PDB file."
P23396,"Error in 7xnx, P23396, /SD@238: AA position not found in protein: P23396, /SD@238. Skipped all other attempts on this PDB file."
P23396,"Error in 6zoj, P23396, /D@238: AA position not found in protein: P23396, /D@238. Skipped all other attempts on this PDB file."
P23396,"Error in 6zol, P23396, /D@238: AA position not found in protein: P23396, /D@238. Skipped all other attempts on this PDB file."
P23396,"Error in 8g6j, P23396, /SD@238: AA position not found in protein: P23396, /SD@238. Skipped all other attempts on this PDB file."
P23396,"Error in 6z6n, P23396, /SD@238: AA position not found in protein: P23396, /SD@238. Skipped all other attempts on this PDB file."
P23396,"Error in 6zp4, P23396, /b@238: AA position not found in protein: P23396, /b@238. Skipped all other attempts on this PDB file."
P23396,"Error in 6zv6, P23396, /D@238: AA position not found in protein: P23396, /D@238. Skipped all other attempts on this PDB file."
P23396,"Error in 7k5i, P23396, /D@238: AA position not found in protein: P23396, /D@238. Skipped all other attempts on this PDB file."
P23396,"Error in 8g61, P23396, /SD@238: AA position not found in protein: P23396, /SD@238. Skipped all other attempts on this PDB file."
P23396,"Error in 6y2l, P23396, /SD@238: AA position not found in protein: P23396, /SD@238. Skipped all other attempts on this PDB file."
P23396,"Error in 6z6l, P23396, /SD@238: AA position not found in protein: P23396, /SD@238. Skipped all other attempts on this PDB file."
P23396,"Error in 6zme, P23396, /SD@238: AA position not found in protein: P23396, /SD@238. Skipped all other attempts on this PDB file."
P23396,"Error in 6zmt, P23396, /F@238: AA position not found in protein: P23396, /F@238. Skipped all other attempts on this PDB file."
P23396,"Error in 6zon, P23396, /b@238: AA position not found in protein: P23396, /b@238. Skipped all other attempts on this PDB file."
P23396,"Error in 6zxe, P23396, /D@238: AA position not found in protein: P23396, /D@238. Skipped all other attempts on this PDB file."
P23396,"Error in 7qvp, P23396, /RD@238: AA position not found in protein: P23396, /RD@238. Skipped all other attempts on this PDB file."
P23396,"Error in 6ybs, P23396, /Z@238: AA position not found in protein: P23396, /Z@238. Skipped all other attempts on this PDB file."
P23396,"Error in 6z6m, P23396, /SD@238: AA position not found in protein: P23396, /SD@238. Skipped all other attempts on this PDB file."
P23396,"Error in 6zmo, P23396, /SD@238: AA position not found in protein: P23396, /SD@238. Skipped all other attempts on this PDB file."
P23396,"Error in 6zuo, P23396, /D@238: AA position not found in protein: P23396, /D@238. Skipped all other attempts on this PDB file."
P23396,"Error in 6y0g, P23396, /SD@238: AA position not found in protein: P23396, /SD@238. Skipped all other attempts on this PDB file."
P23396,"Error in 6zxd, P23396, /D@238: AA position not found in protein: P23396, /D@238. Skipped all other attempts on this PDB file."
P23396,"Error in 5aj0, P23396, /BD@238: AA position not found in protein: P23396, /BD@238. Skipped all other attempts on this PDB file."
P23396,"Error in 6g5i, P23396, /D@238: AA position not found in protein: P23396, /D@238. Skipped all other attempts on this PDB file."
P23396,"Error in 6y57, P23396, /SD@238: AA position not found in protein: P23396, /SD@238. Skipped all other attempts on this PDB file."
P23396,"Error in 7a09, P23396, /b@238: AA position not found in protein: P23396, /b@238. Skipped all other attempts on this PDB file."
P02730,"Error in 7uzu, P02730, /W@133: AA position not found in protein: P02730, /W@133. Skipped all other attempts on this PDB file."
P02730,"Error in 7uz3, P02730, /C@133: AA position not found in protein: P02730, /C@133. Skipped all other attempts on this PDB file."
P05198,"Error in 7f66, P05198, /N@132: Expected exactly two atoms and/or measurable objects (e.g. axes, planes), or one or more measurable objects and one or more atoms, got 1 atoms and 0 measurable objects. Skipped all other attempts on this PDB file."
P09651,"Error in 7zj2, P09651, /A@193: AA position not found in protein: P09651, /A@193. Skipped all other attempts on this PDB file."
P09651,"Error in 1l3k, P09651, /A@193: AA position not found in protein: P09651, /A@193. Skipped all other attempts on this PDB file."
P09651,"Error in 1u1q, P09651, /A@193: AA position not found in protein: P09651, /A@193. Skipped all other attempts on this PDB file."
P09651,"Error in 1u1r, P09651, /A@193: AA position not found in protein: P09651, /A@193. Skipped all other attempts on this PDB file."
P09651,"Error in 1u1p, P09651, /A@193: AA position not found in protein: P09651, /A@193. Skipped all other attempts on this PDB file."
P09651,"Error in 4yoe, P09651, /A@193: AA position not found in protein: P09651, /A@193. Skipped all other attempts on this PDB file."
P09651,"Error in 1u1k, P09651, /A@193: AA position not found in protein: P09651, /A@193. Skipped all other attempts on this PDB file."
P09651,"Error in 1u1l, P09651, /A@193: AA position not found in protein: P09651, /A@193. Skipped all other attempts on this PDB file."
P09651,"Error in 1u1m, P09651, /A@193: AA position not found in protein: P09651, /A@193. Skipped all other attempts on this PDB file."
P09651,"Error in 1u1o, P09651, /A@193: AA position not found in protein: P09651, /A@193. Skipped all other attempts on this PDB file."
P09651,"Error in 1u1n, P09651, /A@193: AA position not found in protein: P09651, /A@193. Skipped all other attempts on this PDB file."
P09651,"Error in 1pgz, P09651, /A@193: AA position not found in protein: P09651, /A@193. Skipped all other attempts on this PDB file."
P09651,"Error in 7bx7, P09651, /A@193: AA position not found in protein: P09651, /A@193. Skipped all other attempts on this PDB file."
P02787,"Error in 3v83, P02787, /A@462: Expected exactly two atoms and/or measurable objects (e.g. axes, planes), or one or more measurable objects and one or more atoms, got 1 atoms and 0 measurable objects. Skipped all other attempts on this PDB file."
O60841,"Error in 7tql, O60841, /1@1103: N/Q not found in this AA or the preceding one: O60841, /1@1103. Skipped all other attempts on this PDB file."
O75521,"Error in 2f6q, O75521, /A@314: N/Q not found in this AA or the preceding one: O75521, /A@314. Skipped all other attempts on this PDB file."
O75821,"Error in 6ybs, O75821, /o@208: AA position not found in protein: O75821, /o@208. Skipped all other attempts on this PDB file."
Q9BZZ5,"Error in 6l4o, Q9BZZ5, /A@330: AA position not found in protein: Q9BZZ5, /A@330. Skipped all other attempts on this PDB file."
Q9BZZ5,"Error in 3u0r, Q9BZZ5, /A@330: AA position not found in protein: Q9BZZ5, /A@330. Skipped all other attempts on this PDB file."
Q9BZZ5,"Error in 3v6a, Q9BZZ5, /A@330: AA position not found in protein: Q9BZZ5, /A@330. Skipped all other attempts on this PDB file."
Q9H0U4,"Error in 5szh, Q9H0U4, /B@185: AA position not found in protein: Q9H0U4, /B@185. Skipped all other attempts on this PDB file."
Q9H0U4,"Error in 5szk, Q9H0U4, /B@185: AA position not found in protein: Q9H0U4, /B@185. Skipped all other attempts on this PDB file."
Q96HE7,"Error in 3ahq, Q96HE7, /A@212: AA position not found in protein: Q96HE7, /A@212. Skipped all other attempts on this PDB file."
Q96HE7,"Error in 3ahr, Q96HE7, /A@212: AA position not found in protein: Q96HE7, /A@212. Skipped all other attempts on this PDB file."
