Q8TDX9,"ALPHAFOLD Error in Q8TDX9, @2480: Fetching url https://alphafold.ebi.ac.uk/files/AF-Q8TDX9-F1-model_v4.cif failed:
HTTP Error 404: Not Found"
Q6KC79,"ALPHAFOLD Error in Q6KC79, @221: Fetching url https://alphafold.ebi.ac.uk/files/AF-Q6KC79-F1-model_v4.cif failed:
HTTP Error 404: Not Found"
Q5THJ4,"ALPHAFOLD Error in Q5THJ4, @2424: Fetching url https://alphafold.ebi.ac.uk/files/AF-Q5THJ4-F1-model_v4.cif failed:
HTTP Error 404: Not Found"
Q4LDE5,"ALPHAFOLD Error in Q4LDE5, @1318: Fetching url https://alphafold.ebi.ac.uk/files/AF-Q4LDE5-F1-model_v4.cif failed:
HTTP Error 404: Not Found"
P35555,"ALPHAFOLD Error in P35555, @569: Fetching url https://alphafold.ebi.ac.uk/files/AF-P35555-F1-model_v4.cif failed:
HTTP Error 404: Not Found"
Q8TDJ6,"ALPHAFOLD Error in Q8TDJ6, @841: Fetching url https://alphafold.ebi.ac.uk/files/AF-Q8TDJ6-F1-model_v4.cif failed:
HTTP Error 404: Not Found"
Q8TDW7,"ALPHAFOLD Error in Q8TDW7, @3337: Fetching url https://alphafold.ebi.ac.uk/files/AF-Q8TDW7-F1-model_v4.cif failed:
HTTP Error 404: Not Found"
Q96JB1,"ALPHAFOLD Error in Q96JB1, @1538: Fetching url https://alphafold.ebi.ac.uk/files/AF-Q96JB1-F1-model_v4.cif failed:
HTTP Error 404: Not Found"
P12111,"ALPHAFOLD Error in P12111, @2553: Fetching url https://alphafold.ebi.ac.uk/files/AF-P12111-F1-model_v4.cif failed:
HTTP Error 404: Not Found"
Q86UP3,"ALPHAFOLD Error in Q86UP3, @923: Fetching url https://alphafold.ebi.ac.uk/files/AF-Q86UP3-F1-model_v4.cif failed:
HTTP Error 404: Not Found"
Q86UQ4,"ALPHAFOLD Error in Q86UQ4, @731: Fetching url https://alphafold.ebi.ac.uk/files/AF-Q86UQ4-F1-model_v4.cif failed:
HTTP Error 404: Not Found"
Q9Y485,"ALPHAFOLD Error in Q9Y485, @1671: Fetching url https://alphafold.ebi.ac.uk/files/AF-Q9Y485-F1-model_v4.cif failed:
HTTP Error 404: Not Found"
Q9P2P6,"ALPHAFOLD Error in Q9P2P6, @4520: Fetching url https://alphafold.ebi.ac.uk/files/AF-Q9P2P6-F1-model_v4.cif failed:
HTTP Error 404: Not Found"
Q8NDA2,"ALPHAFOLD Error in Q8NDA2, @3302: Fetching url https://alphafold.ebi.ac.uk/files/AF-Q8NDA2-F1-model_v4.cif failed:
HTTP Error 404: Not Found"
Q8WXG9,"ALPHAFOLD Error in Q8WXG9, @2030: Fetching url https://alphafold.ebi.ac.uk/files/AF-Q8WXG9-F1-model_v4.cif failed:
HTTP Error 404: Not Found"
Q6V0I7,"ALPHAFOLD Error in Q6V0I7, @2769: Fetching url https://alphafold.ebi.ac.uk/files/AF-Q6V0I7-F1-model_v4.cif failed:
HTTP Error 404: Not Found"
P78509,"ALPHAFOLD Error in P78509, @2026: Fetching url https://alphafold.ebi.ac.uk/files/AF-P78509-F1-model_v4.cif failed:
HTTP Error 404: Not Found"
Q86XX4,"ALPHAFOLD Error in Q86XX4, @3923: Fetching url https://alphafold.ebi.ac.uk/files/AF-Q86XX4-F1-model_v4.cif failed:
HTTP Error 404: Not Found"
Q9P2P6,"ALPHAFOLD Error in Q9P2P6, @3360: Fetching url https://alphafold.ebi.ac.uk/files/AF-Q9P2P6-F1-model_v4.cif failed:
HTTP Error 404: Not Found"
O94915,"ALPHAFOLD Error in O94915, @2341: Fetching url https://alphafold.ebi.ac.uk/files/AF-O94915-F1-model_v4.cif failed:
HTTP Error 404: Not Found"
Q96L91,"ALPHAFOLD Error in Q96L91, @1053: Fetching url https://alphafold.ebi.ac.uk/files/AF-Q96L91-F1-model_v4.cif failed:
HTTP Error 404: Not Found"
Q8NF91,"ALPHAFOLD Error in Q8NF91, @6418: Fetching url https://alphafold.ebi.ac.uk/files/AF-Q8NF91-F1-model_v4.cif failed:
HTTP Error 404: Not Found"
Q68DQ2,"ALPHAFOLD Error in Q68DQ2, @406: Fetching url https://alphafold.ebi.ac.uk/files/AF-Q68DQ2-F1-model_v4.cif failed:
HTTP Error 404: Not Found"
P08519,"ALPHAFOLD Error in P08519, @1675: Fetching url https://alphafold.ebi.ac.uk/files/AF-P08519-F1-model_v4.cif failed:
HTTP Error 404: Not Found"
Q5T011,"ALPHAFOLD Error in Q5T011, @2261: Fetching url https://alphafold.ebi.ac.uk/files/AF-Q5T011-F1-model_v4.cif failed:
HTTP Error 404: Not Found"
Q15751,"ALPHAFOLD Error in Q15751, @2998: Fetching url https://alphafold.ebi.ac.uk/files/AF-Q15751-F1-model_v4.cif failed:
HTTP Error 404: Not Found"
Q9Y485,"ALPHAFOLD Error in Q9Y485, @150: Fetching url https://alphafold.ebi.ac.uk/files/AF-Q9Y485-F1-model_v4.cif failed:
HTTP Error 404: Not Found"
Q14517,"ALPHAFOLD Error in Q14517, @1804: Fetching url https://alphafold.ebi.ac.uk/files/AF-Q14517-F1-model_v4.cif failed:
HTTP Error 404: Not Found"
Q7Z6Z7,"ALPHAFOLD Error in Q7Z6Z7, @747: Fetching url https://alphafold.ebi.ac.uk/files/AF-Q7Z6Z7-F1-model_v4.cif failed:
HTTP Error 404: Not Found"
P22105,"ALPHAFOLD Error in P22105, @2880: Fetching url https://alphafold.ebi.ac.uk/files/AF-P22105-F1-model_v4.cif failed:
HTTP Error 404: Not Found"
Q7Z407,"ALPHAFOLD Error in Q7Z407, @1247: Fetching url https://alphafold.ebi.ac.uk/files/AF-Q7Z407-F1-model_v4.cif failed:
HTTP Error 404: Not Found"
O15230,"ALPHAFOLD Error in O15230, @1922: Fetching url https://alphafold.ebi.ac.uk/files/AF-O15230-F1-model_v4.cif failed:
HTTP Error 404: Not Found"
Q9NYQ7,"ALPHAFOLD Error in Q9NYQ7, @1177: Fetching url https://alphafold.ebi.ac.uk/files/AF-Q9NYQ7-F1-model_v4.cif failed:
HTTP Error 404: Not Found"
Q16787,"ALPHAFOLD Error in Q16787, @2053: Fetching url https://alphafold.ebi.ac.uk/files/AF-Q16787-F1-model_v4.cif failed:
HTTP Error 404: Not Found"
P22105,"ALPHAFOLD Error in P22105, @879: Fetching url https://alphafold.ebi.ac.uk/files/AF-P22105-F1-model_v4.cif failed:
HTTP Error 404: Not Found"
Q6ZR08,"ALPHAFOLD Error in Q6ZR08, @805: Fetching url https://alphafold.ebi.ac.uk/files/AF-Q6ZR08-F1-model_v4.cif failed:
HTTP Error 404: Not Found"
P25391,"ALPHAFOLD Error in P25391, @1186: Fetching url https://alphafold.ebi.ac.uk/files/AF-P25391-F1-model_v4.cif failed:
HTTP Error 404: Not Found"
P51587,"ALPHAFOLD Error in P51587, @3348: Fetching url https://alphafold.ebi.ac.uk/files/AF-P51587-F1-model_v4.cif failed:
HTTP Error 404: Not Found"
Q8IZQ1,"ALPHAFOLD Error in Q8IZQ1, @2523: Fetching url https://alphafold.ebi.ac.uk/files/AF-Q8IZQ1-F1-model_v4.cif failed:
HTTP Error 404: Not Found"
Q96JB1,"ALPHAFOLD Error in Q96JB1, @2484: Fetching url https://alphafold.ebi.ac.uk/files/AF-Q96JB1-F1-model_v4.cif failed:
HTTP Error 404: Not Found"
Q15751,"ALPHAFOLD Error in Q15751, @1851: Fetching url https://alphafold.ebi.ac.uk/files/AF-Q15751-F1-model_v4.cif failed:
HTTP Error 404: Not Found"
Q7Z407,"ALPHAFOLD Error in Q7Z407, @1248: Fetching url https://alphafold.ebi.ac.uk/files/AF-Q7Z407-F1-model_v4.cif failed:
HTTP Error 404: Not Found"
Q5VT06,"ALPHAFOLD Error in Q5VT06, @2069: Fetching url https://alphafold.ebi.ac.uk/files/AF-Q5VT06-F1-model_v4.cif failed:
HTTP Error 404: Not Found"
O15230,"ALPHAFOLD Error in O15230, @430: Fetching url https://alphafold.ebi.ac.uk/files/AF-O15230-F1-model_v4.cif failed:
HTTP Error 404: Not Found"
Q14517,"ALPHAFOLD Error in Q14517, @3367: Fetching url https://alphafold.ebi.ac.uk/files/AF-Q14517-F1-model_v4.cif failed:
HTTP Error 404: Not Found"
Q5CZC0,"ALPHAFOLD Error in Q5CZC0, @4564: Fetching url https://alphafold.ebi.ac.uk/files/AF-Q5CZC0-F1-model_v4.cif failed:
HTTP Error 404: Not Found"
Q8TD57,"ALPHAFOLD Error in Q8TD57, @151: Fetching url https://alphafold.ebi.ac.uk/files/AF-Q8TD57-F1-model_v4.cif failed:
HTTP Error 404: Not Found"
Q4G0P3,"ALPHAFOLD Error in Q4G0P3, @2384: Fetching url https://alphafold.ebi.ac.uk/files/AF-Q4G0P3-F1-model_v4.cif failed:
HTTP Error 404: Not Found"
Q8NF91,"ALPHAFOLD Error in Q8NF91, @2910: Fetching url https://alphafold.ebi.ac.uk/files/AF-Q8NF91-F1-model_v4.cif failed:
HTTP Error 404: Not Found"
P24043,"ALPHAFOLD Error in P24043, @2937: Fetching url https://alphafold.ebi.ac.uk/files/AF-P24043-F1-model_v4.cif failed:
HTTP Error 404: Not Found"
O75445,"ALPHAFOLD Error in O75445, @4202: Fetching url https://alphafold.ebi.ac.uk/files/AF-O75445-F1-model_v4.cif failed:
HTTP Error 404: Not Found"
Q0VDD8,"ALPHAFOLD Error in Q0VDD8, @1756: Fetching url https://alphafold.ebi.ac.uk/files/AF-Q0VDD8-F1-model_v4.cif failed:
HTTP Error 404: Not Found"
P35556,"ALPHAFOLD Error in P35556, @2270: Fetching url https://alphafold.ebi.ac.uk/files/AF-P35556-F1-model_v4.cif failed:
HTTP Error 404: Not Found"
P98161,"ALPHAFOLD Error in P98161, @3527: Fetching url https://alphafold.ebi.ac.uk/files/AF-P98161-F1-model_v4.cif failed:
HTTP Error 404: Not Found"
Q685J3,"ALPHAFOLD Error in Q685J3, @211: Fetching url https://alphafold.ebi.ac.uk/files/AF-Q685J3-F1-model_v4.cif failed:
HTTP Error 404: Not Found"
Q96JB1,"ALPHAFOLD Error in Q96JB1, @3702: Fetching url https://alphafold.ebi.ac.uk/files/AF-Q96JB1-F1-model_v4.cif failed:
HTTP Error 404: Not Found"
Q8TE73,"ALPHAFOLD Error in Q8TE73, @4390: Fetching url https://alphafold.ebi.ac.uk/files/AF-Q8TE73-F1-model_v4.cif failed:
HTTP Error 404: Not Found"
O15018,"ALPHAFOLD Error in O15018, @732: Fetching url https://alphafold.ebi.ac.uk/files/AF-O15018-F1-model_v4.cif failed:
HTTP Error 404: Not Found"
P20929,"ALPHAFOLD Error in P20929, @4127: Fetching url https://alphafold.ebi.ac.uk/files/AF-P20929-F1-model_v4.cif failed:
HTTP Error 404: Not Found"
P42858,"ALPHAFOLD Error in P42858, @293: Fetching url https://alphafold.ebi.ac.uk/files/AF-P42858-F1-model_v4.cif failed:
HTTP Error 404: Not Found"
P25391,"ALPHAFOLD Error in P25391, @2153: Fetching url https://alphafold.ebi.ac.uk/files/AF-P25391-F1-model_v4.cif failed:
HTTP Error 404: Not Found"
Q8TDW7,"ALPHAFOLD Error in Q8TDW7, @4305: Fetching url https://alphafold.ebi.ac.uk/files/AF-Q8TDW7-F1-model_v4.cif failed:
HTTP Error 404: Not Found"
Q99996,"ALPHAFOLD Error in Q99996, @3479: Fetching url https://alphafold.ebi.ac.uk/files/AF-Q99996-F1-model_v4.cif failed:
HTTP Error 404: Not Found"
P08519,"ALPHAFOLD Error in P08519, @101: Fetching url https://alphafold.ebi.ac.uk/files/AF-P08519-F1-model_v4.cif failed:
HTTP Error 404: Not Found"
O94915,"ALPHAFOLD Error in O94915, @86: Fetching url https://alphafold.ebi.ac.uk/files/AF-O94915-F1-model_v4.cif failed:
HTTP Error 404: Not Found"
Q6KC79,"ALPHAFOLD Error in Q6KC79, @382: Fetching url https://alphafold.ebi.ac.uk/files/AF-Q6KC79-F1-model_v4.cif failed:
HTTP Error 404: Not Found"
Q6KC79,"ALPHAFOLD Error in Q6KC79, @1907: Fetching url https://alphafold.ebi.ac.uk/files/AF-Q6KC79-F1-model_v4.cif failed:
HTTP Error 404: Not Found"
Q86WI1,"ALPHAFOLD Error in Q86WI1, @2360: Fetching url https://alphafold.ebi.ac.uk/files/AF-Q86WI1-F1-model_v4.cif failed:
HTTP Error 404: Not Found"
Q14571,"ALPHAFOLD Error in Q14571, @2329: Fetching url https://alphafold.ebi.ac.uk/files/AF-Q14571-F1-model_v4.cif failed:
HTTP Error 404: Not Found"
Q07954,"ALPHAFOLD Error in Q07954, @2925: Fetching url https://alphafold.ebi.ac.uk/files/AF-Q07954-F1-model_v4.cif failed:
HTTP Error 404: Not Found"
Q8WUY3,"ALPHAFOLD Error in Q8WUY3, @495: Fetching url https://alphafold.ebi.ac.uk/files/AF-Q8WUY3-F1-model_v4.cif failed:
HTTP Error 404: Not Found"
Q9Y485,"ALPHAFOLD Error in Q9Y485, @1972: Fetching url https://alphafold.ebi.ac.uk/files/AF-Q9Y485-F1-model_v4.cif failed:
HTTP Error 404: Not Found"
Q09666,"ALPHAFOLD Error in Q09666, @4083: Fetching url https://alphafold.ebi.ac.uk/files/AF-Q09666-F1-model_v4.cif failed:
HTTP Error 404: Not Found"
O60229,"ALPHAFOLD Error in O60229, @919: Fetching url https://alphafold.ebi.ac.uk/files/AF-O60229-F1-model_v4.cif failed:
HTTP Error 404: Not Found"
O60673,"ALPHAFOLD Error in O60673, @384: Fetching url https://alphafold.ebi.ac.uk/files/AF-O60673-F1-model_v4.cif failed:
HTTP Error 404: Not Found"
P11532,"ALPHAFOLD Error in P11532, @2641: Fetching url https://alphafold.ebi.ac.uk/files/AF-P11532-F1-model_v4.cif failed:
HTTP Error 404: Not Found"
Q96RW7,"ALPHAFOLD Error in Q96RW7, @4298: Fetching url https://alphafold.ebi.ac.uk/files/AF-Q96RW7-F1-model_v4.cif failed:
HTTP Error 404: Not Found"
O15050,"ALPHAFOLD Error in O15050, @351: Fetching url https://alphafold.ebi.ac.uk/files/AF-O15050-F1-model_v4.cif failed:
HTTP Error 404: Not Found"
Q8IWI9,"ALPHAFOLD Error in Q8IWI9, @11: Fetching url https://alphafold.ebi.ac.uk/files/AF-Q8IWI9-F1-model_v4.cif failed:
HTTP Error 404: Not Found"
Q6ZS81,"ALPHAFOLD Error in Q6ZS81, @1478: Fetching url https://alphafold.ebi.ac.uk/files/AF-Q6ZS81-F1-model_v4.cif failed:
HTTP Error 404: Not Found"
Q5VST9,"ALPHAFOLD Error in Q5VST9, @4440: Fetching url https://alphafold.ebi.ac.uk/files/AF-Q5VST9-F1-model_v4.cif failed:
HTTP Error 404: Not Found"
Q9NT68,"ALPHAFOLD Error in Q9NT68, @1383: Fetching url https://alphafold.ebi.ac.uk/files/AF-Q9NT68-F1-model_v4.cif failed:
HTTP Error 404: Not Found"
Q9BQE4,"ALPHAFOLD Error in Q9BQE4, @131: Fetching url https://alphafold.ebi.ac.uk/files/AF-Q9BQE4-F1-model_v4.cif failed:
HTTP Error 404: Not Found"
P12111,"ALPHAFOLD Error in P12111, @1169: Fetching url https://alphafold.ebi.ac.uk/files/AF-P12111-F1-model_v4.cif failed:
HTTP Error 404: Not Found"
Q8WXH0,"ALPHAFOLD Error in Q8WXH0, @3187: Fetching url https://alphafold.ebi.ac.uk/files/AF-Q8WXH0-F1-model_v4.cif failed:
HTTP Error 404: Not Found"
P04745,"ALPHAFOLD Error in P04745, @231: Fetching url https://alphafold.ebi.ac.uk/files/AF-P04745-F1-model_v4.cif failed:
HTTP Error 404: Not Found"
Q14571,"ALPHAFOLD Error in Q14571, @1492: Fetching url https://alphafold.ebi.ac.uk/files/AF-Q14571-F1-model_v4.cif failed:
HTTP Error 404: Not Found"
Q7Z408,"ALPHAFOLD Error in Q7Z408, @680: Fetching url https://alphafold.ebi.ac.uk/files/AF-Q7Z408-F1-model_v4.cif failed:
HTTP Error 404: Not Found"
Q07954,"ALPHAFOLD Error in Q07954, @2581: Fetching url https://alphafold.ebi.ac.uk/files/AF-Q07954-F1-model_v4.cif failed:
HTTP Error 404: Not Found"
Q8IVF4,"ALPHAFOLD Error in Q8IVF4, @2774: Fetching url https://alphafold.ebi.ac.uk/files/AF-Q8IVF4-F1-model_v4.cif failed:
HTTP Error 404: Not Found"
Q8TE73,"ALPHAFOLD Error in Q8TE73, @2460: Fetching url https://alphafold.ebi.ac.uk/files/AF-Q8TE73-F1-model_v4.cif failed:
HTTP Error 404: Not Found"
Q5VST9,"ALPHAFOLD Error in Q5VST9, @5949: Fetching url https://alphafold.ebi.ac.uk/files/AF-Q5VST9-F1-model_v4.cif failed:
HTTP Error 404: Not Found"
Q6ZR08,"ALPHAFOLD Error in Q6ZR08, @2674: Fetching url https://alphafold.ebi.ac.uk/files/AF-Q6ZR08-F1-model_v4.cif failed:
HTTP Error 404: Not Found"
Q8NCM8,"ALPHAFOLD Error in Q8NCM8, @1074: Fetching url https://alphafold.ebi.ac.uk/files/AF-Q8NCM8-F1-model_v4.cif failed:
HTTP Error 404: Not Found"
P49792,"ALPHAFOLD Error in P49792, @620: Fetching url https://alphafold.ebi.ac.uk/files/AF-P49792-F1-model_v4.cif failed:
HTTP Error 404: Not Found"
P98164,"ALPHAFOLD Error in P98164, @140: Fetching url https://alphafold.ebi.ac.uk/files/AF-P98164-F1-model_v4.cif failed:
HTTP Error 404: Not Found"
O60673,"ALPHAFOLD Error in O60673, @770: Fetching url https://alphafold.ebi.ac.uk/files/AF-O60673-F1-model_v4.cif failed:
HTTP Error 404: Not Found"
P51587,"ALPHAFOLD Error in P51587, @2910: Fetching url https://alphafold.ebi.ac.uk/files/AF-P51587-F1-model_v4.cif failed:
HTTP Error 404: Not Found"
O15050,"ALPHAFOLD Error in O15050, @1629: Fetching url https://alphafold.ebi.ac.uk/files/AF-O15050-F1-model_v4.cif failed:
HTTP Error 404: Not Found"
Q68DQ2,"ALPHAFOLD Error in Q68DQ2, @258: Fetching url https://alphafold.ebi.ac.uk/files/AF-Q68DQ2-F1-model_v4.cif failed:
HTTP Error 404: Not Found"
Q99996,"ALPHAFOLD Error in Q99996, @856: Fetching url https://alphafold.ebi.ac.uk/files/AF-Q99996-F1-model_v4.cif failed:
HTTP Error 404: Not Found"
Q15413,"ALPHAFOLD Error in Q15413, @3885: Fetching url https://alphafold.ebi.ac.uk/files/AF-Q15413-F1-model_v4.cif failed:
HTTP Error 404: Not Found"
Q9NT68,"ALPHAFOLD Error in Q9NT68, @1443: Fetching url https://alphafold.ebi.ac.uk/files/AF-Q9NT68-F1-model_v4.cif failed:
HTTP Error 404: Not Found"
P20929,"ALPHAFOLD Error in P20929, @4284: Fetching url https://alphafold.ebi.ac.uk/files/AF-P20929-F1-model_v4.cif failed:
HTTP Error 404: Not Found"
Q6ZTR5,"ALPHAFOLD Error in Q6ZTR5, @2335: Fetching url https://alphafold.ebi.ac.uk/files/AF-Q6ZTR5-F1-model_v4.cif failed:
HTTP Error 404: Not Found"
Q8IZQ1,"ALPHAFOLD Error in Q8IZQ1, @3525: Fetching url https://alphafold.ebi.ac.uk/files/AF-Q8IZQ1-F1-model_v4.cif failed:
HTTP Error 404: Not Found"
Q6KC79,"ALPHAFOLD Error in Q6KC79, @455: Fetching url https://alphafold.ebi.ac.uk/files/AF-Q6KC79-F1-model_v4.cif failed:
HTTP Error 404: Not Found"
Q8WXG9,"ALPHAFOLD Error in Q8WXG9, @3277: Fetching url https://alphafold.ebi.ac.uk/files/AF-Q8WXG9-F1-model_v4.cif failed:
HTTP Error 404: Not Found"
Q9NYQ6,"ALPHAFOLD Error in Q9NYQ6, @621: Fetching url https://alphafold.ebi.ac.uk/files/AF-Q9NYQ6-F1-model_v4.cif failed:
HTTP Error 404: Not Found"
Q07954,"ALPHAFOLD Error in Q07954, @421: Fetching url https://alphafold.ebi.ac.uk/files/AF-Q07954-F1-model_v4.cif failed:
HTTP Error 404: Not Found"
O43149,"ALPHAFOLD Error in O43149, @2713: Fetching url https://alphafold.ebi.ac.uk/files/AF-O43149-F1-model_v4.cif failed:
HTTP Error 404: Not Found"
Q9NZJ4,"ALPHAFOLD Error in Q9NZJ4, @1094: Fetching url https://alphafold.ebi.ac.uk/files/AF-Q9NZJ4-F1-model_v4.cif failed:
HTTP Error 404: Not Found"
Q8TD26,"ALPHAFOLD Error in Q8TD26, @1899: Fetching url https://alphafold.ebi.ac.uk/files/AF-Q8TD26-F1-model_v4.cif failed:
HTTP Error 404: Not Found"
Q02224,"ALPHAFOLD Error in Q02224, @1158: Fetching url https://alphafold.ebi.ac.uk/files/AF-Q02224-F1-model_v4.cif failed:
HTTP Error 404: Not Found"
O75445,"ALPHAFOLD Error in O75445, @4812: Fetching url https://alphafold.ebi.ac.uk/files/AF-O75445-F1-model_v4.cif failed:
HTTP Error 404: Not Found"
Q9C0G6,"ALPHAFOLD Error in Q9C0G6, @3437: Fetching url https://alphafold.ebi.ac.uk/files/AF-Q9C0G6-F1-model_v4.cif failed:
HTTP Error 404: Not Found"
Q96PZ7,"ALPHAFOLD Error in Q96PZ7, @705: Fetching url https://alphafold.ebi.ac.uk/files/AF-Q96PZ7-F1-model_v4.cif failed:
HTTP Error 404: Not Found"
Q6ZS81,"ALPHAFOLD Error in Q6ZS81, @201: Fetching url https://alphafold.ebi.ac.uk/files/AF-Q6ZS81-F1-model_v4.cif failed:
HTTP Error 404: Not Found"
Q9Y6R7,"ALPHAFOLD Error in Q9Y6R7, @748: Fetching url https://alphafold.ebi.ac.uk/files/AF-Q9Y6R7-F1-model_v4.cif failed:
HTTP Error 404: Not Found"
Q8IVF2,"ALPHAFOLD Error in Q8IVF2, @1723: Fetching url https://alphafold.ebi.ac.uk/files/AF-Q8IVF2-F1-model_v4.cif failed:
HTTP Error 404: Not Found"
Q9NRC6,"ALPHAFOLD Error in Q9NRC6, @1530: Fetching url https://alphafold.ebi.ac.uk/files/AF-Q9NRC6-F1-model_v4.cif failed:
HTTP Error 404: Not Found"
Q96DT5,"ALPHAFOLD Error in Q96DT5, @3053: Fetching url https://alphafold.ebi.ac.uk/files/AF-Q96DT5-F1-model_v4.cif failed:
HTTP Error 404: Not Found"
Q8NEZ4,"ALPHAFOLD Error in Q8NEZ4, @4240: Fetching url https://alphafold.ebi.ac.uk/files/AF-Q8NEZ4-F1-model_v4.cif failed:
HTTP Error 404: Not Found"
Q4LDE5,"ALPHAFOLD Error in Q4LDE5, @2860: Fetching url https://alphafold.ebi.ac.uk/files/AF-Q4LDE5-F1-model_v4.cif failed:
HTTP Error 404: Not Found"
Q9P225,"ALPHAFOLD Error in Q9P225, @3334: Fetching url https://alphafold.ebi.ac.uk/files/AF-Q9P225-F1-model_v4.cif failed:
HTTP Error 404: Not Found"
O75962,"ALPHAFOLD Error in O75962, @619: Fetching url https://alphafold.ebi.ac.uk/files/AF-O75962-F1-model_v4.cif failed:
HTTP Error 404: Not Found"
Q9Y6V0,"ALPHAFOLD Error in Q9Y6V0, @3755: Fetching url https://alphafold.ebi.ac.uk/files/AF-Q9Y6V0-F1-model_v4.cif failed:
HTTP Error 404: Not Found"
Q96L91,"ALPHAFOLD Error in Q96L91, @732: Fetching url https://alphafold.ebi.ac.uk/files/AF-Q96L91-F1-model_v4.cif failed:
HTTP Error 404: Not Found"
Q9UKZ4,"ALPHAFOLD Error in Q9UKZ4, @905: Fetching url https://alphafold.ebi.ac.uk/files/AF-Q9UKZ4-F1-model_v4.cif failed:
HTTP Error 404: Not Found"
Q14789,"ALPHAFOLD Error in Q14789, @1721: Fetching url https://alphafold.ebi.ac.uk/files/AF-Q14789-F1-model_v4.cif failed:
HTTP Error 404: Not Found"
Q4G0P3,"ALPHAFOLD Error in Q4G0P3, @546: Fetching url https://alphafold.ebi.ac.uk/files/AF-Q4G0P3-F1-model_v4.cif failed:
HTTP Error 404: Not Found"
Q8TCU4,"ALPHAFOLD Error in Q8TCU4, @2350: Fetching url https://alphafold.ebi.ac.uk/files/AF-Q8TCU4-F1-model_v4.cif failed:
HTTP Error 404: Not Found"
Q8TE73,"ALPHAFOLD Error in Q8TE73, @864: Fetching url https://alphafold.ebi.ac.uk/files/AF-Q8TE73-F1-model_v4.cif failed:
HTTP Error 404: Not Found"
Q8TD26,"ALPHAFOLD Error in Q8TD26, @2038: Fetching url https://alphafold.ebi.ac.uk/files/AF-Q8TD26-F1-model_v4.cif failed:
HTTP Error 404: Not Found"
Q2LD37,"ALPHAFOLD Error in Q2LD37, @1374: Fetching url https://alphafold.ebi.ac.uk/files/AF-Q2LD37-F1-model_v4.cif failed:
HTTP Error 404: Not Found"
Q86UQ4,"ALPHAFOLD Error in Q86UQ4, @4329: Fetching url https://alphafold.ebi.ac.uk/files/AF-Q86UQ4-F1-model_v4.cif failed:
HTTP Error 404: Not Found"
Q5THJ4,"ALPHAFOLD Error in Q5THJ4, @1887: Fetching url https://alphafold.ebi.ac.uk/files/AF-Q5THJ4-F1-model_v4.cif failed:
HTTP Error 404: Not Found"
Q9UPN3,"ALPHAFOLD Error in Q9UPN3, @4887: Fetching url https://alphafold.ebi.ac.uk/files/AF-Q9UPN3-F1-model_v4.cif failed:
HTTP Error 404: Not Found"
Q5T1H1,"ALPHAFOLD Error in Q5T1H1, @352: Fetching url https://alphafold.ebi.ac.uk/files/AF-Q5T1H1-F1-model_v4.cif failed:
HTTP Error 404: Not Found"
P0C617,"ALPHAFOLD Error in P0C617, @314: N/Q not found in this AA or the preceding one: P0C617, @314"
Q9UFH2,"ALPHAFOLD Error in Q9UFH2, @1399: Fetching url https://alphafold.ebi.ac.uk/files/AF-Q9UFH2-F1-model_v4.cif failed:
HTTP Error 404: Not Found"
Q14643,"ALPHAFOLD Error in Q14643, @119: Fetching url https://alphafold.ebi.ac.uk/files/AF-Q14643-F1-model_v4.cif failed:
HTTP Error 404: Not Found"
Q9NU22,"ALPHAFOLD Error in Q9NU22, @2529: Fetching url https://alphafold.ebi.ac.uk/files/AF-Q9NU22-F1-model_v4.cif failed:
HTTP Error 404: Not Found"
Q8IVF4,"ALPHAFOLD Error in Q8IVF4, @2664: Fetching url https://alphafold.ebi.ac.uk/files/AF-Q8IVF4-F1-model_v4.cif failed:
HTTP Error 404: Not Found"
Q8WXG9,"ALPHAFOLD Error in Q8WXG9, @3659: Fetching url https://alphafold.ebi.ac.uk/files/AF-Q8WXG9-F1-model_v4.cif failed:
HTTP Error 404: Not Found"
Q7Z408,"ALPHAFOLD Error in Q7Z408, @2140: Fetching url https://alphafold.ebi.ac.uk/files/AF-Q7Z408-F1-model_v4.cif failed:
HTTP Error 404: Not Found"
P25391,"ALPHAFOLD Error in P25391, @322: Fetching url https://alphafold.ebi.ac.uk/files/AF-P25391-F1-model_v4.cif failed:
HTTP Error 404: Not Found"
O75445,"ALPHAFOLD Error in O75445, @2377: Fetching url https://alphafold.ebi.ac.uk/files/AF-O75445-F1-model_v4.cif failed:
HTTP Error 404: Not Found"
Q8IZT6,"ALPHAFOLD Error in Q8IZT6, @1201: Fetching url https://alphafold.ebi.ac.uk/files/AF-Q8IZT6-F1-model_v4.cif failed:
HTTP Error 404: Not Found"
P20929,"ALPHAFOLD Error in P20929, @2749: Fetching url https://alphafold.ebi.ac.uk/files/AF-P20929-F1-model_v4.cif failed:
HTTP Error 404: Not Found"
Q96Q15,"ALPHAFOLD Error in Q96Q15, @2848: Fetching url https://alphafold.ebi.ac.uk/files/AF-Q96Q15-F1-model_v4.cif failed:
HTTP Error 404: Not Found"
Q03001,"ALPHAFOLD Error in Q03001, @2774: Fetching url https://alphafold.ebi.ac.uk/files/AF-Q03001-F1-model_v4.cif failed:
HTTP Error 404: Not Found"
O60494,"ALPHAFOLD Error in O60494, @2236: Fetching url https://alphafold.ebi.ac.uk/files/AF-O60494-F1-model_v4.cif failed:
HTTP Error 404: Not Found"
O75445,"ALPHAFOLD Error in O75445, @3032: Fetching url https://alphafold.ebi.ac.uk/files/AF-O75445-F1-model_v4.cif failed:
HTTP Error 404: Not Found"
O75445,"ALPHAFOLD Error in O75445, @1596: Fetching url https://alphafold.ebi.ac.uk/files/AF-O75445-F1-model_v4.cif failed:
HTTP Error 404: Not Found"
Q8TDX9,"ALPHAFOLD Error in Q8TDX9, @594: Fetching url https://alphafold.ebi.ac.uk/files/AF-Q8TDX9-F1-model_v4.cif failed:
HTTP Error 404: Not Found"
O60673,"ALPHAFOLD Error in O60673, @388: Fetching url https://alphafold.ebi.ac.uk/files/AF-O60673-F1-model_v4.cif failed:
HTTP Error 404: Not Found"
P04114,"ALPHAFOLD Error in P04114, @3411: Fetching url https://alphafold.ebi.ac.uk/files/AF-P04114-F1-model_v4.cif failed:
HTTP Error 404: Not Found"
Q16787,"ALPHAFOLD Error in Q16787, @3328: Fetching url https://alphafold.ebi.ac.uk/files/AF-Q16787-F1-model_v4.cif failed:
HTTP Error 404: Not Found"
Q7Z7G8,"ALPHAFOLD Error in Q7Z7G8, @291: Fetching url https://alphafold.ebi.ac.uk/files/AF-Q7Z7G8-F1-model_v4.cif failed:
HTTP Error 404: Not Found"
Q8WXX0,"ALPHAFOLD Error in Q8WXX0, @3762: Fetching url https://alphafold.ebi.ac.uk/files/AF-Q8WXX0-F1-model_v4.cif failed:
HTTP Error 404: Not Found"
Q9NZR2,"ALPHAFOLD Error in Q9NZR2, @896: Fetching url https://alphafold.ebi.ac.uk/files/AF-Q9NZR2-F1-model_v4.cif failed:
HTTP Error 404: Not Found"
Q6ZRS2,"ALPHAFOLD Error in Q6ZRS2, @406: Fetching url https://alphafold.ebi.ac.uk/files/AF-Q6ZRS2-F1-model_v4.cif failed:
HTTP Error 404: Not Found"
Q9Y4D8,"ALPHAFOLD Error in Q9Y4D8, @2271: Fetching url https://alphafold.ebi.ac.uk/files/AF-Q9Y4D8-F1-model_v4.cif failed:
HTTP Error 404: Not Found"
Q8IWI9,"ALPHAFOLD Error in Q8IWI9, @787: Fetching url https://alphafold.ebi.ac.uk/files/AF-Q8IWI9-F1-model_v4.cif failed:
HTTP Error 404: Not Found"
P25054,"ALPHAFOLD Error in P25054, @1622: Fetching url https://alphafold.ebi.ac.uk/files/AF-P25054-F1-model_v4.cif failed:
HTTP Error 404: Not Found"
Q6V0I7,"ALPHAFOLD Error in Q6V0I7, @2292: Fetching url https://alphafold.ebi.ac.uk/files/AF-Q6V0I7-F1-model_v4.cif failed:
HTTP Error 404: Not Found"
P46013,"ALPHAFOLD Error in P46013, @488: Fetching url https://alphafold.ebi.ac.uk/files/AF-P46013-F1-model_v4.cif failed:
HTTP Error 404: Not Found"
P35555,"ALPHAFOLD Error in P35555, @1168: Fetching url https://alphafold.ebi.ac.uk/files/AF-P35555-F1-model_v4.cif failed:
HTTP Error 404: Not Found"
Q8TDX9,"ALPHAFOLD Error in Q8TDX9, @376: Fetching url https://alphafold.ebi.ac.uk/files/AF-Q8TDX9-F1-model_v4.cif failed:
HTTP Error 404: Not Found"
Q9NYQ8,"ALPHAFOLD Error in Q9NYQ8, @605: Fetching url https://alphafold.ebi.ac.uk/files/AF-Q9NYQ8-F1-model_v4.cif failed:
HTTP Error 404: Not Found"
Q16787,"ALPHAFOLD Error in Q16787, @2018: Fetching url https://alphafold.ebi.ac.uk/files/AF-Q16787-F1-model_v4.cif failed:
HTTP Error 404: Not Found"
Q6ZR08,"ALPHAFOLD Error in Q6ZR08, @503: Fetching url https://alphafold.ebi.ac.uk/files/AF-Q6ZR08-F1-model_v4.cif failed:
HTTP Error 404: Not Found"
Q15911,"ALPHAFOLD Error in Q15911, @2855: Fetching url https://alphafold.ebi.ac.uk/files/AF-Q15911-F1-model_v4.cif failed:
HTTP Error 404: Not Found"
Q6ZS81,"ALPHAFOLD Error in Q6ZS81, @2332: Fetching url https://alphafold.ebi.ac.uk/files/AF-Q6ZS81-F1-model_v4.cif failed:
HTTP Error 404: Not Found"
Q5T011,"ALPHAFOLD Error in Q5T011, @254: Fetching url https://alphafold.ebi.ac.uk/files/AF-Q5T011-F1-model_v4.cif failed:
HTTP Error 404: Not Found"
Q9NYQ8,"ALPHAFOLD Error in Q9NYQ8, @647: Fetching url https://alphafold.ebi.ac.uk/files/AF-Q9NYQ8-F1-model_v4.cif failed:
HTTP Error 404: Not Found"
Q8IZT6,"ALPHAFOLD Error in Q8IZT6, @323: Fetching url https://alphafold.ebi.ac.uk/files/AF-Q8IZT6-F1-model_v4.cif failed:
HTTP Error 404: Not Found"
P98164,"ALPHAFOLD Error in P98164, @2809: Fetching url https://alphafold.ebi.ac.uk/files/AF-P98164-F1-model_v4.cif failed:
HTTP Error 404: Not Found"
Q8WUY3,"ALPHAFOLD Error in Q8WUY3, @1572: Fetching url https://alphafold.ebi.ac.uk/files/AF-Q8WUY3-F1-model_v4.cif failed:
HTTP Error 404: Not Found"
P98160,"ALPHAFOLD Error in P98160, @786: Fetching url https://alphafold.ebi.ac.uk/files/AF-P98160-F1-model_v4.cif failed:
HTTP Error 404: Not Found"
A8MU76,"ALPHAFOLD Error in A8MU76, @9: Fetching url https://alphafold.ebi.ac.uk/files/AF-A8MU76-F1-model_v4.cif failed:
HTTP Error 404: Not Found"
P50851,"ALPHAFOLD Error in P50851, @335: Fetching url https://alphafold.ebi.ac.uk/files/AF-P50851-F1-model_v4.cif failed:
HTTP Error 404: Not Found"
Q9Y6R7,"ALPHAFOLD Error in Q9Y6R7, @4407: Fetching url https://alphafold.ebi.ac.uk/files/AF-Q9Y6R7-F1-model_v4.cif failed:
HTTP Error 404: Not Found"
Q4LDE5,"ALPHAFOLD Error in Q4LDE5, @2779: Fetching url https://alphafold.ebi.ac.uk/files/AF-Q4LDE5-F1-model_v4.cif failed:
HTTP Error 404: Not Found"
Q6V0I7,"ALPHAFOLD Error in Q6V0I7, @3027: Fetching url https://alphafold.ebi.ac.uk/files/AF-Q6V0I7-F1-model_v4.cif failed:
HTTP Error 404: Not Found"
Q8TD26,"ALPHAFOLD Error in Q8TD26, @2423: Fetching url https://alphafold.ebi.ac.uk/files/AF-Q8TD26-F1-model_v4.cif failed:
HTTP Error 404: Not Found"
Q8IZQ1,"ALPHAFOLD Error in Q8IZQ1, @2745: Fetching url https://alphafold.ebi.ac.uk/files/AF-Q8IZQ1-F1-model_v4.cif failed:
HTTP Error 404: Not Found"
P15822,"ALPHAFOLD Error in P15822, @384: Fetching url https://alphafold.ebi.ac.uk/files/AF-P15822-F1-model_v4.cif failed:
HTTP Error 404: Not Found"
Q16881,"ALPHAFOLD Error in Q16881, @43: Fetching url https://alphafold.ebi.ac.uk/files/AF-Q16881-F1-model_v4.cif failed:
HTTP Error 404: Not Found"
P98088,"ALPHAFOLD Error in P98088, @3300: Fetching url https://alphafold.ebi.ac.uk/files/AF-P98088-F1-model_v4.cif failed:
HTTP Error 404: Not Found"
Q09666,"ALPHAFOLD Error in Q09666, @1426: Fetching url https://alphafold.ebi.ac.uk/files/AF-Q09666-F1-model_v4.cif failed:
HTTP Error 404: Not Found"
O75592,"ALPHAFOLD Error in O75592, @2711: Fetching url https://alphafold.ebi.ac.uk/files/AF-O75592-F1-model_v4.cif failed:
HTTP Error 404: Not Found"
Q9UPA5,"ALPHAFOLD Error in Q9UPA5, @3108: Fetching url https://alphafold.ebi.ac.uk/files/AF-Q9UPA5-F1-model_v4.cif failed:
HTTP Error 404: Not Found"
Q8TDW7,"ALPHAFOLD Error in Q8TDW7, @930: Fetching url https://alphafold.ebi.ac.uk/files/AF-Q8TDW7-F1-model_v4.cif failed:
HTTP Error 404: Not Found"
Q14571,"ALPHAFOLD Error in Q14571, @129: Fetching url https://alphafold.ebi.ac.uk/files/AF-Q14571-F1-model_v4.cif failed:
HTTP Error 404: Not Found"
Q9H799,"ALPHAFOLD Error in Q9H799, @1339: Fetching url https://alphafold.ebi.ac.uk/files/AF-Q9H799-F1-model_v4.cif failed:
HTTP Error 404: Not Found"
Q9Y6R7,"ALPHAFOLD Error in Q9Y6R7, @4219: Fetching url https://alphafold.ebi.ac.uk/files/AF-Q9Y6R7-F1-model_v4.cif failed:
HTTP Error 404: Not Found"
Q9Y6R7,"ALPHAFOLD Error in Q9Y6R7, @4615: Fetching url https://alphafold.ebi.ac.uk/files/AF-Q9Y6R7-F1-model_v4.cif failed:
HTTP Error 404: Not Found"
Q4G0P3,"ALPHAFOLD Error in Q4G0P3, @889: Fetching url https://alphafold.ebi.ac.uk/files/AF-Q4G0P3-F1-model_v4.cif failed:
HTTP Error 404: Not Found"
Q8WXX0,"ALPHAFOLD Error in Q8WXX0, @2111: Fetching url https://alphafold.ebi.ac.uk/files/AF-Q8WXX0-F1-model_v4.cif failed:
HTTP Error 404: Not Found"
P25391,"ALPHAFOLD Error in P25391, @63: Fetching url https://alphafold.ebi.ac.uk/files/AF-P25391-F1-model_v4.cif failed:
HTTP Error 404: Not Found"
Q96JB1,"ALPHAFOLD Error in Q96JB1, @2539: Fetching url https://alphafold.ebi.ac.uk/files/AF-Q96JB1-F1-model_v4.cif failed:
HTTP Error 404: Not Found"
O75445,"ALPHAFOLD Error in O75445, @557: Fetching url https://alphafold.ebi.ac.uk/files/AF-O75445-F1-model_v4.cif failed:
HTTP Error 404: Not Found"
Q9H251,"ALPHAFOLD Error in Q9H251, @2377: Fetching url https://alphafold.ebi.ac.uk/files/AF-Q9H251-F1-model_v4.cif failed:
HTTP Error 404: Not Found"
Q5TBA9,"ALPHAFOLD Error in Q5TBA9, @1960: Fetching url https://alphafold.ebi.ac.uk/files/AF-Q5TBA9-F1-model_v4.cif failed:
HTTP Error 404: Not Found"
Q9HC84,"ALPHAFOLD Error in Q9HC84, @2401: Fetching url https://alphafold.ebi.ac.uk/files/AF-Q9HC84-F1-model_v4.cif failed:
HTTP Error 404: Not Found"
Q9UPN3,"ALPHAFOLD Error in Q9UPN3, @974: Fetching url https://alphafold.ebi.ac.uk/files/AF-Q9UPN3-F1-model_v4.cif failed:
HTTP Error 404: Not Found"
Q14517,"ALPHAFOLD Error in Q14517, @3019: Fetching url https://alphafold.ebi.ac.uk/files/AF-Q14517-F1-model_v4.cif failed:
HTTP Error 404: Not Found"
O15050,"ALPHAFOLD Error in O15050, @2349: Fetching url https://alphafold.ebi.ac.uk/files/AF-O15050-F1-model_v4.cif failed:
HTTP Error 404: Not Found"
P35555,"ALPHAFOLD Error in P35555, @1724: Fetching url https://alphafold.ebi.ac.uk/files/AF-P35555-F1-model_v4.cif failed:
HTTP Error 404: Not Found"
Q9NZJ4,"ALPHAFOLD Error in Q9NZJ4, @3054: Fetching url https://alphafold.ebi.ac.uk/files/AF-Q9NZJ4-F1-model_v4.cif failed:
HTTP Error 404: Not Found"
Q86WI1,"ALPHAFOLD Error in Q86WI1, @1194: Fetching url https://alphafold.ebi.ac.uk/files/AF-Q86WI1-F1-model_v4.cif failed:
HTTP Error 404: Not Found"
Q9H5I5,"ALPHAFOLD Error in Q9H5I5, @2114: Fetching url https://alphafold.ebi.ac.uk/files/AF-Q9H5I5-F1-model_v4.cif failed:
HTTP Error 404: Not Found"
Q9H799,"ALPHAFOLD Error in Q9H799, @2720: Fetching url https://alphafold.ebi.ac.uk/files/AF-Q9H799-F1-model_v4.cif failed:
HTTP Error 404: Not Found"
P15822,"ALPHAFOLD Error in P15822, @629: Fetching url https://alphafold.ebi.ac.uk/files/AF-P15822-F1-model_v4.cif failed:
HTTP Error 404: Not Found"
Q9NZJ4,"ALPHAFOLD Error in Q9NZJ4, @2842: Fetching url https://alphafold.ebi.ac.uk/files/AF-Q9NZJ4-F1-model_v4.cif failed:
HTTP Error 404: Not Found"
Q07954,"ALPHAFOLD Error in Q07954, @1933: Fetching url https://alphafold.ebi.ac.uk/files/AF-Q07954-F1-model_v4.cif failed:
HTTP Error 404: Not Found"
Q9NT68,"ALPHAFOLD Error in Q9NT68, @59: Fetching url https://alphafold.ebi.ac.uk/files/AF-Q9NT68-F1-model_v4.cif failed:
HTTP Error 404: Not Found"
Q8TD57,"ALPHAFOLD Error in Q8TD57, @2094: Fetching url https://alphafold.ebi.ac.uk/files/AF-Q8TD57-F1-model_v4.cif failed:
HTTP Error 404: Not Found"
Q8TD26,"ALPHAFOLD Error in Q8TD26, @459: Fetching url https://alphafold.ebi.ac.uk/files/AF-Q8TD26-F1-model_v4.cif failed:
HTTP Error 404: Not Found"
Q3L8U1,"ALPHAFOLD Error in Q3L8U1, @153: Fetching url https://alphafold.ebi.ac.uk/files/AF-Q3L8U1-F1-model_v4.cif failed:
HTTP Error 404: Not Found"
O14686,"ALPHAFOLD Error in O14686, @1036: Fetching url https://alphafold.ebi.ac.uk/files/AF-O14686-F1-model_v4.cif failed:
HTTP Error 404: Not Found"
Q6ZTR5,"ALPHAFOLD Error in Q6ZTR5, @3161: Fetching url https://alphafold.ebi.ac.uk/files/AF-Q6ZTR5-F1-model_v4.cif failed:
HTTP Error 404: Not Found"
Q6V1P9,"ALPHAFOLD Error in Q6V1P9, @2204: Fetching url https://alphafold.ebi.ac.uk/files/AF-Q6V1P9-F1-model_v4.cif failed:
HTTP Error 404: Not Found"
Q9BXT5,"ALPHAFOLD Error in Q9BXT5, @1677: Fetching url https://alphafold.ebi.ac.uk/files/AF-Q9BXT5-F1-model_v4.cif failed:
HTTP Error 404: Not Found"
A4UGR9,"ALPHAFOLD Error in A4UGR9, @3159: Fetching url https://alphafold.ebi.ac.uk/files/AF-A4UGR9-F1-model_v4.cif failed:
HTTP Error 404: Not Found"
Q8WXG9,"ALPHAFOLD Error in Q8WXG9, @2878: Fetching url https://alphafold.ebi.ac.uk/files/AF-Q8WXG9-F1-model_v4.cif failed:
HTTP Error 404: Not Found"
Q8IVF4,"ALPHAFOLD Error in Q8IVF4, @2836: Fetching url https://alphafold.ebi.ac.uk/files/AF-Q8IVF4-F1-model_v4.cif failed:
HTTP Error 404: Not Found"
Q12830,"ALPHAFOLD Error in Q12830, @474: Fetching url https://alphafold.ebi.ac.uk/files/AF-Q12830-F1-model_v4.cif failed:
HTTP Error 404: Not Found"
Q14517,"ALPHAFOLD Error in Q14517, @998: Fetching url https://alphafold.ebi.ac.uk/files/AF-Q14517-F1-model_v4.cif failed:
HTTP Error 404: Not Found"
O94915,"ALPHAFOLD Error in O94915, @1210: Fetching url https://alphafold.ebi.ac.uk/files/AF-O94915-F1-model_v4.cif failed:
HTTP Error 404: Not Found"
Q14571,"ALPHAFOLD Error in Q14571, @1138: Fetching url https://alphafold.ebi.ac.uk/files/AF-Q14571-F1-model_v4.cif failed:
HTTP Error 404: Not Found"
P08F94,"ALPHAFOLD Error in P08F94, @1617: Fetching url https://alphafold.ebi.ac.uk/files/AF-P08F94-F1-model_v4.cif failed:
HTTP Error 404: Not Found"
Q9Y485,"ALPHAFOLD Error in Q9Y485, @137: Fetching url https://alphafold.ebi.ac.uk/files/AF-Q9Y485-F1-model_v4.cif failed:
HTTP Error 404: Not Found"
P12111,"ALPHAFOLD Error in P12111, @1314: Fetching url https://alphafold.ebi.ac.uk/files/AF-P12111-F1-model_v4.cif failed:
HTTP Error 404: Not Found"
Q7Z7G8,"ALPHAFOLD Error in Q7Z7G8, @1344: Fetching url https://alphafold.ebi.ac.uk/files/AF-Q7Z7G8-F1-model_v4.cif failed:
HTTP Error 404: Not Found"
P35555,"ALPHAFOLD Error in P35555, @1784: Fetching url https://alphafold.ebi.ac.uk/files/AF-P35555-F1-model_v4.cif failed:
HTTP Error 404: Not Found"
O75962,"ALPHAFOLD Error in O75962, @385: Fetching url https://alphafold.ebi.ac.uk/files/AF-O75962-F1-model_v4.cif failed:
HTTP Error 404: Not Found"
Q70CQ2,"ALPHAFOLD Error in Q70CQ2, @2481: Fetching url https://alphafold.ebi.ac.uk/files/AF-Q70CQ2-F1-model_v4.cif failed:
HTTP Error 404: Not Found"
Q8TDW7,"ALPHAFOLD Error in Q8TDW7, @3992: Fetching url https://alphafold.ebi.ac.uk/files/AF-Q8TDW7-F1-model_v4.cif failed:
HTTP Error 404: Not Found"
Q96PZ7,"ALPHAFOLD Error in Q96PZ7, @2605: Fetching url https://alphafold.ebi.ac.uk/files/AF-Q96PZ7-F1-model_v4.cif failed:
HTTP Error 404: Not Found"
Q8WXI7,"ALPHAFOLD Error in Q8WXI7, @12240: Fetching url https://alphafold.ebi.ac.uk/files/AF-Q8WXI7-F1-model_v4.cif failed:
HTTP Error 404: Not Found"
P08519,"ALPHAFOLD Error in P08519, @79: Fetching url https://alphafold.ebi.ac.uk/files/AF-P08519-F1-model_v4.cif failed:
HTTP Error 404: Not Found"
P98088,"ALPHAFOLD Error in P98088, @340: Fetching url https://alphafold.ebi.ac.uk/files/AF-P98088-F1-model_v4.cif failed:
HTTP Error 404: Not Found"
Q8IZT6,"ALPHAFOLD Error in Q8IZT6, @522: Fetching url https://alphafold.ebi.ac.uk/files/AF-Q8IZT6-F1-model_v4.cif failed:
HTTP Error 404: Not Found"
Q8WXG9,"ALPHAFOLD Error in Q8WXG9, @5093: Fetching url https://alphafold.ebi.ac.uk/files/AF-Q8WXG9-F1-model_v4.cif failed:
HTTP Error 404: Not Found"
P98164,"ALPHAFOLD Error in P98164, @2709: Fetching url https://alphafold.ebi.ac.uk/files/AF-P98164-F1-model_v4.cif failed:
HTTP Error 404: Not Found"
Q8WUY3,"ALPHAFOLD Error in Q8WUY3, @1990: Fetching url https://alphafold.ebi.ac.uk/files/AF-Q8WUY3-F1-model_v4.cif failed:
HTTP Error 404: Not Found"
P51587,"ALPHAFOLD Error in P51587, @3264: Fetching url https://alphafold.ebi.ac.uk/files/AF-P51587-F1-model_v4.cif failed:
HTTP Error 404: Not Found"
Q9BXT5,"ALPHAFOLD Error in Q9BXT5, @2204: Fetching url https://alphafold.ebi.ac.uk/files/AF-Q9BXT5-F1-model_v4.cif failed:
HTTP Error 404: Not Found"
Q15911,"ALPHAFOLD Error in Q15911, @1382: Fetching url https://alphafold.ebi.ac.uk/files/AF-Q15911-F1-model_v4.cif failed:
HTTP Error 404: Not Found"
Q8NDA2,"ALPHAFOLD Error in Q8NDA2, @2456: Fetching url https://alphafold.ebi.ac.uk/files/AF-Q8NDA2-F1-model_v4.cif failed:
HTTP Error 404: Not Found"
P35556,"ALPHAFOLD Error in P35556, @2656: Fetching url https://alphafold.ebi.ac.uk/files/AF-P35556-F1-model_v4.cif failed:
HTTP Error 404: Not Found"
Q9Y6R7,"ALPHAFOLD Error in Q9Y6R7, @1590: Fetching url https://alphafold.ebi.ac.uk/files/AF-Q9Y6R7-F1-model_v4.cif failed:
HTTP Error 404: Not Found"
Q63HN8,"ALPHAFOLD Error in Q63HN8, @3557: Fetching url https://alphafold.ebi.ac.uk/files/AF-Q63HN8-F1-model_v4.cif failed:
HTTP Error 404: Not Found"
Q9UMN6,"ALPHAFOLD Error in Q9UMN6, @2404: Fetching url https://alphafold.ebi.ac.uk/files/AF-Q9UMN6-F1-model_v4.cif failed:
HTTP Error 404: Not Found"
Q9NZJ4,"ALPHAFOLD Error in Q9NZJ4, @3021: Fetching url https://alphafold.ebi.ac.uk/files/AF-Q9NZJ4-F1-model_v4.cif failed:
HTTP Error 404: Not Found"
O60494,"ALPHAFOLD Error in O60494, @2220: Fetching url https://alphafold.ebi.ac.uk/files/AF-O60494-F1-model_v4.cif failed:
HTTP Error 404: Not Found"
Q4G0P3,"ALPHAFOLD Error in Q4G0P3, @2418: Fetching url https://alphafold.ebi.ac.uk/files/AF-Q4G0P3-F1-model_v4.cif failed:
HTTP Error 404: Not Found"
O60494,"ALPHAFOLD Error in O60494, @2610: Fetching url https://alphafold.ebi.ac.uk/files/AF-O60494-F1-model_v4.cif failed:
HTTP Error 404: Not Found"
P78509,"ALPHAFOLD Error in P78509, @1478: Fetching url https://alphafold.ebi.ac.uk/files/AF-P78509-F1-model_v4.cif failed:
HTTP Error 404: Not Found"
Q5T1H1,"ALPHAFOLD Error in Q5T1H1, @1000: Fetching url https://alphafold.ebi.ac.uk/files/AF-Q5T1H1-F1-model_v4.cif failed:
HTTP Error 404: Not Found"
Q8IVF4,"ALPHAFOLD Error in Q8IVF4, @2638: Fetching url https://alphafold.ebi.ac.uk/files/AF-Q8IVF4-F1-model_v4.cif failed:
HTTP Error 404: Not Found"
Q96DT5,"ALPHAFOLD Error in Q96DT5, @1668: Fetching url https://alphafold.ebi.ac.uk/files/AF-Q96DT5-F1-model_v4.cif failed:
HTTP Error 404: Not Found"
Q6V0I7,"ALPHAFOLD Error in Q6V0I7, @2700: Fetching url https://alphafold.ebi.ac.uk/files/AF-Q6V0I7-F1-model_v4.cif failed:
HTTP Error 404: Not Found"
P08519,"ALPHAFOLD Error in P08519, @2587: Fetching url https://alphafold.ebi.ac.uk/files/AF-P08519-F1-model_v4.cif failed:
HTTP Error 404: Not Found"
Q5CZC0,"ALPHAFOLD Error in Q5CZC0, @4067: Fetching url https://alphafold.ebi.ac.uk/files/AF-Q5CZC0-F1-model_v4.cif failed:
HTTP Error 404: Not Found"
P25391,"ALPHAFOLD Error in P25391, @854: Fetching url https://alphafold.ebi.ac.uk/files/AF-P25391-F1-model_v4.cif failed:
HTTP Error 404: Not Found"
Q9Y485,"ALPHAFOLD Error in Q9Y485, @540: Fetching url https://alphafold.ebi.ac.uk/files/AF-Q9Y485-F1-model_v4.cif failed:
HTTP Error 404: Not Found"
Q5THJ4,"ALPHAFOLD Error in Q5THJ4, @3428: Fetching url https://alphafold.ebi.ac.uk/files/AF-Q5THJ4-F1-model_v4.cif failed:
HTTP Error 404: Not Found"
P25391,"ALPHAFOLD Error in P25391, @2140: Fetching url https://alphafold.ebi.ac.uk/files/AF-P25391-F1-model_v4.cif failed:
HTTP Error 404: Not Found"
Q07954,"ALPHAFOLD Error in Q07954, @2486: Fetching url https://alphafold.ebi.ac.uk/files/AF-Q07954-F1-model_v4.cif failed:
HTTP Error 404: Not Found"
P98164,"ALPHAFOLD Error in P98164, @2682: Fetching url https://alphafold.ebi.ac.uk/files/AF-P98164-F1-model_v4.cif failed:
HTTP Error 404: Not Found"
Q07954,"ALPHAFOLD Error in Q07954, @743: Fetching url https://alphafold.ebi.ac.uk/files/AF-Q07954-F1-model_v4.cif failed:
HTTP Error 404: Not Found"
P20929,"ALPHAFOLD Error in P20929, @2233: Fetching url https://alphafold.ebi.ac.uk/files/AF-P20929-F1-model_v4.cif failed:
HTTP Error 404: Not Found"
O60281,"ALPHAFOLD Error in O60281, @2372: Fetching url https://alphafold.ebi.ac.uk/files/AF-O60281-F1-model_v4.cif failed:
HTTP Error 404: Not Found"
Q86YZ3,"ALPHAFOLD Error in Q86YZ3, @39: Fetching url https://alphafold.ebi.ac.uk/files/AF-Q86YZ3-F1-model_v4.cif failed:
HTTP Error 404: Not Found"
Q86XX4,"ALPHAFOLD Error in Q86XX4, @822: Fetching url https://alphafold.ebi.ac.uk/files/AF-Q86XX4-F1-model_v4.cif failed:
HTTP Error 404: Not Found"
Q9BXT5,"ALPHAFOLD Error in Q9BXT5, @22: Fetching url https://alphafold.ebi.ac.uk/files/AF-Q9BXT5-F1-model_v4.cif failed:
HTTP Error 404: Not Found"
Q9H251,"ALPHAFOLD Error in Q9H251, @1540: Fetching url https://alphafold.ebi.ac.uk/files/AF-Q9H251-F1-model_v4.cif failed:
HTTP Error 404: Not Found"
Q16787,"ALPHAFOLD Error in Q16787, @2004: Fetching url https://alphafold.ebi.ac.uk/files/AF-Q16787-F1-model_v4.cif failed:
HTTP Error 404: Not Found"
Q14517,"ALPHAFOLD Error in Q14517, @2805: Fetching url https://alphafold.ebi.ac.uk/files/AF-Q14517-F1-model_v4.cif failed:
HTTP Error 404: Not Found"
Q9UPN3,"ALPHAFOLD Error in Q9UPN3, @4465: Fetching url https://alphafold.ebi.ac.uk/files/AF-Q9UPN3-F1-model_v4.cif failed:
HTTP Error 404: Not Found"
Q96JB1,"ALPHAFOLD Error in Q96JB1, @4252: Fetching url https://alphafold.ebi.ac.uk/files/AF-Q96JB1-F1-model_v4.cif failed:
HTTP Error 404: Not Found"
Q9TQE0,"ALPHAFOLD Error in Q9TQE0, @62: Fetching url https://alphafold.ebi.ac.uk/files/AF-Q9TQE0-F1-model_v4.cif failed:
HTTP Error 404: Not Found"
Q86UP3,"ALPHAFOLD Error in Q86UP3, @1870: Fetching url https://alphafold.ebi.ac.uk/files/AF-Q86UP3-F1-model_v4.cif failed:
HTTP Error 404: Not Found"
P04114,"ALPHAFOLD Error in P04114, @1988: Fetching url https://alphafold.ebi.ac.uk/files/AF-P04114-F1-model_v4.cif failed:
HTTP Error 404: Not Found"
Q5THJ4,"ALPHAFOLD Error in Q5THJ4, @147: Fetching url https://alphafold.ebi.ac.uk/files/AF-Q5THJ4-F1-model_v4.cif failed:
HTTP Error 404: Not Found"
P04275,"ALPHAFOLD Error in P04275, @2066: Fetching url https://alphafold.ebi.ac.uk/files/AF-P04275-F1-model_v4.cif failed:
HTTP Error 404: Not Found"
Q7Z5P9,"ALPHAFOLD Error in Q7Z5P9, @518: Fetching url https://alphafold.ebi.ac.uk/files/AF-Q7Z5P9-F1-model_v4.cif failed:
HTTP Error 404: Not Found"
Q5T4S7,"ALPHAFOLD Error in Q5T4S7, @3768: Fetching url https://alphafold.ebi.ac.uk/files/AF-Q5T4S7-F1-model_v4.cif failed:
HTTP Error 404: Not Found"
P98088,"ALPHAFOLD Error in P98088, @598: Fetching url https://alphafold.ebi.ac.uk/files/AF-P98088-F1-model_v4.cif failed:
HTTP Error 404: Not Found"
P11532,"ALPHAFOLD Error in P11532, @2476: Fetching url https://alphafold.ebi.ac.uk/files/AF-P11532-F1-model_v4.cif failed:
HTTP Error 404: Not Found"
Q9NT68,"ALPHAFOLD Error in Q9NT68, @1217: Fetching url https://alphafold.ebi.ac.uk/files/AF-Q9NT68-F1-model_v4.cif failed:
HTTP Error 404: Not Found"
Q14643,"ALPHAFOLD Error in Q14643, @1649: Fetching url https://alphafold.ebi.ac.uk/files/AF-Q14643-F1-model_v4.cif failed:
HTTP Error 404: Not Found"
Q86UP3,"ALPHAFOLD Error in Q86UP3, @2934: Fetching url https://alphafold.ebi.ac.uk/files/AF-Q86UP3-F1-model_v4.cif failed:
HTTP Error 404: Not Found"
Q68DQ2,"ALPHAFOLD Error in Q68DQ2, @1996: Fetching url https://alphafold.ebi.ac.uk/files/AF-Q68DQ2-F1-model_v4.cif failed:
HTTP Error 404: Not Found"
Q5TBA9,"ALPHAFOLD Error in Q5TBA9, @1485: Fetching url https://alphafold.ebi.ac.uk/files/AF-Q5TBA9-F1-model_v4.cif failed:
HTTP Error 404: Not Found"
Q8NDA2,"ALPHAFOLD Error in Q8NDA2, @271: Fetching url https://alphafold.ebi.ac.uk/files/AF-Q8NDA2-F1-model_v4.cif failed:
HTTP Error 404: Not Found"
Q5THJ4,"ALPHAFOLD Error in Q5THJ4, @1463: Fetching url https://alphafold.ebi.ac.uk/files/AF-Q5THJ4-F1-model_v4.cif failed:
HTTP Error 404: Not Found"
Q12955,"ALPHAFOLD Error in Q12955, @762: Fetching url https://alphafold.ebi.ac.uk/files/AF-Q12955-F1-model_v4.cif failed:
HTTP Error 404: Not Found"
Q5THJ4,"ALPHAFOLD Error in Q5THJ4, @1687: Fetching url https://alphafold.ebi.ac.uk/files/AF-Q5THJ4-F1-model_v4.cif failed:
HTTP Error 404: Not Found"
Q6ZR08,"ALPHAFOLD Error in Q6ZR08, @419: Fetching url https://alphafold.ebi.ac.uk/files/AF-Q6ZR08-F1-model_v4.cif failed:
HTTP Error 404: Not Found"
Q8TE73,"ALPHAFOLD Error in Q8TE73, @344: Fetching url https://alphafold.ebi.ac.uk/files/AF-Q8TE73-F1-model_v4.cif failed:
HTTP Error 404: Not Found"
O60494,"ALPHAFOLD Error in O60494, @644: Fetching url https://alphafold.ebi.ac.uk/files/AF-O60494-F1-model_v4.cif failed:
HTTP Error 404: Not Found"
Q8TD26,"ALPHAFOLD Error in Q8TD26, @2664: Fetching url https://alphafold.ebi.ac.uk/files/AF-Q8TD26-F1-model_v4.cif failed:
HTTP Error 404: Not Found"
Q9UKZ4,"ALPHAFOLD Error in Q9UKZ4, @41: Fetching url https://alphafold.ebi.ac.uk/files/AF-Q9UKZ4-F1-model_v4.cif failed:
HTTP Error 404: Not Found"
P24043,"ALPHAFOLD Error in P24043, @384: Fetching url https://alphafold.ebi.ac.uk/files/AF-P24043-F1-model_v4.cif failed:
HTTP Error 404: Not Found"
Q9UPA5,"ALPHAFOLD Error in Q9UPA5, @2818: Fetching url https://alphafold.ebi.ac.uk/files/AF-Q9UPA5-F1-model_v4.cif failed:
HTTP Error 404: Not Found"
Q2LD37,"ALPHAFOLD Error in Q2LD37, @2711: Fetching url https://alphafold.ebi.ac.uk/files/AF-Q2LD37-F1-model_v4.cif failed:
HTTP Error 404: Not Found"
Q8TDW7,"ALPHAFOLD Error in Q8TDW7, @641: Fetching url https://alphafold.ebi.ac.uk/files/AF-Q8TDW7-F1-model_v4.cif failed:
HTTP Error 404: Not Found"
Q9C0G6,"ALPHAFOLD Error in Q9C0G6, @1116: Fetching url https://alphafold.ebi.ac.uk/files/AF-Q9C0G6-F1-model_v4.cif failed:
HTTP Error 404: Not Found"
P08F94,"ALPHAFOLD Error in P08F94, @1415: Fetching url https://alphafold.ebi.ac.uk/files/AF-P08F94-F1-model_v4.cif failed:
HTTP Error 404: Not Found"
Q8TD26,"ALPHAFOLD Error in Q8TD26, @1594: Fetching url https://alphafold.ebi.ac.uk/files/AF-Q8TD26-F1-model_v4.cif failed:
HTTP Error 404: Not Found"
P98164,"ALPHAFOLD Error in P98164, @2985: Fetching url https://alphafold.ebi.ac.uk/files/AF-P98164-F1-model_v4.cif failed:
HTTP Error 404: Not Found"
Q03001,"ALPHAFOLD Error in Q03001, @1755: Fetching url https://alphafold.ebi.ac.uk/files/AF-Q03001-F1-model_v4.cif failed:
HTTP Error 404: Not Found"
Q5SZK8,"ALPHAFOLD Error in Q5SZK8, @435: Fetching url https://alphafold.ebi.ac.uk/files/AF-Q5SZK8-F1-model_v4.cif failed:
HTTP Error 404: Not Found"
P20930,"ALPHAFOLD Error in P20930, @2266: Fetching url https://alphafold.ebi.ac.uk/files/AF-P20930-F1-model_v4.cif failed:
HTTP Error 404: Not Found"
Q709C8,"ALPHAFOLD Error in Q709C8, @724: Fetching url https://alphafold.ebi.ac.uk/files/AF-Q709C8-F1-model_v4.cif failed:
HTTP Error 404: Not Found"
Q14571,"ALPHAFOLD Error in Q14571, @1931: Fetching url https://alphafold.ebi.ac.uk/files/AF-Q14571-F1-model_v4.cif failed:
HTTP Error 404: Not Found"
Q8TDX9,"ALPHAFOLD Error in Q8TDX9, @768: Fetching url https://alphafold.ebi.ac.uk/files/AF-Q8TDX9-F1-model_v4.cif failed:
HTTP Error 404: Not Found"
Q9H799,"ALPHAFOLD Error in Q9H799, @2436: Fetching url https://alphafold.ebi.ac.uk/files/AF-Q9H799-F1-model_v4.cif failed:
HTTP Error 404: Not Found"
O14686,"ALPHAFOLD Error in O14686, @4900: Fetching url https://alphafold.ebi.ac.uk/files/AF-O14686-F1-model_v4.cif failed:
HTTP Error 404: Not Found"
Q5CZC0,"ALPHAFOLD Error in Q5CZC0, @283: Fetching url https://alphafold.ebi.ac.uk/files/AF-Q5CZC0-F1-model_v4.cif failed:
HTTP Error 404: Not Found"
Q9NYQ7,"ALPHAFOLD Error in Q9NYQ7, @752: Fetching url https://alphafold.ebi.ac.uk/files/AF-Q9NYQ7-F1-model_v4.cif failed:
HTTP Error 404: Not Found"
Q96RW7,"ALPHAFOLD Error in Q96RW7, @3427: Fetching url https://alphafold.ebi.ac.uk/files/AF-Q96RW7-F1-model_v4.cif failed:
HTTP Error 404: Not Found"
Q5T4S7,"ALPHAFOLD Error in Q5T4S7, @3514: Fetching url https://alphafold.ebi.ac.uk/files/AF-Q5T4S7-F1-model_v4.cif failed:
HTTP Error 404: Not Found"
P35555,"ALPHAFOLD Error in P35555, @2740: Fetching url https://alphafold.ebi.ac.uk/files/AF-P35555-F1-model_v4.cif failed:
HTTP Error 404: Not Found"
P98160,"ALPHAFOLD Error in P98160, @1619: Fetching url https://alphafold.ebi.ac.uk/files/AF-P98160-F1-model_v4.cif failed:
HTTP Error 404: Not Found"
Q9NU22,"ALPHAFOLD Error in Q9NU22, @1915: Fetching url https://alphafold.ebi.ac.uk/files/AF-Q9NU22-F1-model_v4.cif failed:
HTTP Error 404: Not Found"
Q8IWI9,"ALPHAFOLD Error in Q8IWI9, @82: Fetching url https://alphafold.ebi.ac.uk/files/AF-Q8IWI9-F1-model_v4.cif failed:
HTTP Error 404: Not Found"
Q3L8U1,"ALPHAFOLD Error in Q3L8U1, @527: Fetching url https://alphafold.ebi.ac.uk/files/AF-Q3L8U1-F1-model_v4.cif failed:
HTTP Error 404: Not Found"
Q03001,"ALPHAFOLD Error in Q03001, @1011: Fetching url https://alphafold.ebi.ac.uk/files/AF-Q03001-F1-model_v4.cif failed:
HTTP Error 404: Not Found"
Q03001,"ALPHAFOLD Error in Q03001, @2911: Fetching url https://alphafold.ebi.ac.uk/files/AF-Q03001-F1-model_v4.cif failed:
HTTP Error 404: Not Found"
O75445,"ALPHAFOLD Error in O75445, @1479: Fetching url https://alphafold.ebi.ac.uk/files/AF-O75445-F1-model_v4.cif failed:
HTTP Error 404: Not Found"
Q9NR09,"ALPHAFOLD Error in Q9NR09, @1254: Fetching url https://alphafold.ebi.ac.uk/files/AF-Q9NR09-F1-model_v4.cif failed:
HTTP Error 404: Not Found"
Q8NFC6,"ALPHAFOLD Error in Q8NFC6, @795: Fetching url https://alphafold.ebi.ac.uk/files/AF-Q8NFC6-F1-model_v4.cif failed:
HTTP Error 404: Not Found"
Q9NRC6,"ALPHAFOLD Error in Q9NRC6, @865: Fetching url https://alphafold.ebi.ac.uk/files/AF-Q9NRC6-F1-model_v4.cif failed:
HTTP Error 404: Not Found"
Q9P2D1,"ALPHAFOLD Error in Q9P2D1, @1873: Fetching url https://alphafold.ebi.ac.uk/files/AF-Q9P2D1-F1-model_v4.cif failed:
HTTP Error 404: Not Found"
Q75N90,"ALPHAFOLD Error in Q75N90, @1442: Fetching url https://alphafold.ebi.ac.uk/files/AF-Q75N90-F1-model_v4.cif failed:
HTTP Error 404: Not Found"
Q709C8,"ALPHAFOLD Error in Q709C8, @548: Fetching url https://alphafold.ebi.ac.uk/files/AF-Q709C8-F1-model_v4.cif failed:
HTTP Error 404: Not Found"
Q9P2P6,"ALPHAFOLD Error in Q9P2P6, @3758: Fetching url https://alphafold.ebi.ac.uk/files/AF-Q9P2P6-F1-model_v4.cif failed:
HTTP Error 404: Not Found"
Q5THJ4,"ALPHAFOLD Error in Q5THJ4, @3666: Fetching url https://alphafold.ebi.ac.uk/files/AF-Q5THJ4-F1-model_v4.cif failed:
HTTP Error 404: Not Found"
Q8WXG9,"ALPHAFOLD Error in Q8WXG9, @4529: Fetching url https://alphafold.ebi.ac.uk/files/AF-Q8WXG9-F1-model_v4.cif failed:
HTTP Error 404: Not Found"
Q9P2P6,"ALPHAFOLD Error in Q9P2P6, @308: Fetching url https://alphafold.ebi.ac.uk/files/AF-Q9P2P6-F1-model_v4.cif failed:
HTTP Error 404: Not Found"
P98088,"ALPHAFOLD Error in P98088, @399: Fetching url https://alphafold.ebi.ac.uk/files/AF-P98088-F1-model_v4.cif failed:
HTTP Error 404: Not Found"
Q5TBA9,"ALPHAFOLD Error in Q5TBA9, @1771: Fetching url https://alphafold.ebi.ac.uk/files/AF-Q5TBA9-F1-model_v4.cif failed:
HTTP Error 404: Not Found"
Q8WXI7,"ALPHAFOLD Error in Q8WXI7, @2936: Fetching url https://alphafold.ebi.ac.uk/files/AF-Q8WXI7-F1-model_v4.cif failed:
HTTP Error 404: Not Found"
Q15751,"ALPHAFOLD Error in Q15751, @1004: Fetching url https://alphafold.ebi.ac.uk/files/AF-Q15751-F1-model_v4.cif failed:
HTTP Error 404: Not Found"
O95613,"ALPHAFOLD Error in O95613, @2132: Fetching url https://alphafold.ebi.ac.uk/files/AF-O95613-F1-model_v4.cif failed:
HTTP Error 404: Not Found"
Q8WXG9,"ALPHAFOLD Error in Q8WXG9, @1533: Fetching url https://alphafold.ebi.ac.uk/files/AF-Q8WXG9-F1-model_v4.cif failed:
HTTP Error 404: Not Found"
O75962,"ALPHAFOLD Error in O75962, @359: Fetching url https://alphafold.ebi.ac.uk/files/AF-O75962-F1-model_v4.cif failed:
HTTP Error 404: Not Found"
O15050,"ALPHAFOLD Error in O15050, @2059: Fetching url https://alphafold.ebi.ac.uk/files/AF-O15050-F1-model_v4.cif failed:
HTTP Error 404: Not Found"
Q5T4S7,"ALPHAFOLD Error in Q5T4S7, @4672: Fetching url https://alphafold.ebi.ac.uk/files/AF-Q5T4S7-F1-model_v4.cif failed:
HTTP Error 404: Not Found"
Q09666,"ALPHAFOLD Error in Q09666, @3194: Fetching url https://alphafold.ebi.ac.uk/files/AF-Q09666-F1-model_v4.cif failed:
HTTP Error 404: Not Found"
Q96JG9,"ALPHAFOLD Error in Q96JG9, @346: Fetching url https://alphafold.ebi.ac.uk/files/AF-Q96JG9-F1-model_v4.cif failed:
HTTP Error 404: Not Found"
P11532,"ALPHAFOLD Error in P11532, @1581: Fetching url https://alphafold.ebi.ac.uk/files/AF-P11532-F1-model_v4.cif failed:
HTTP Error 404: Not Found"
O75445,"ALPHAFOLD Error in O75445, @2027: Fetching url https://alphafold.ebi.ac.uk/files/AF-O75445-F1-model_v4.cif failed:
HTTP Error 404: Not Found"
Q16787,"ALPHAFOLD Error in Q16787, @401: Fetching url https://alphafold.ebi.ac.uk/files/AF-Q16787-F1-model_v4.cif failed:
HTTP Error 404: Not Found"
Q03001,"ALPHAFOLD Error in Q03001, @281: Fetching url https://alphafold.ebi.ac.uk/files/AF-Q03001-F1-model_v4.cif failed:
HTTP Error 404: Not Found"
