Q14692,"ALL FAILED Error in Q14692, /SI@423, tried 1 files"
Q7L014,"ALL FAILED Error in Q7L014, /E@519, tried 3 files"
Q13114,"ALL FAILED Error in Q13114, /A@343, tried 4 files"
P55884,"ALL FAILED Error in P55884, /B@597, tried 3 files"
P11498,"ALL FAILED Error in P11498, /A@44, tried 4 files"
P08519,"ALL FAILED Error in P08519, /A@1675, tried 8 files"
A5YKK6,"ALL FAILED Error in A5YKK6, /A@761, tried 1 files"
Q7Z6Z7,"ALL FAILED Error in Q7Z6Z7, /A@747, tried 4 files"
Q8IXJ9,"ALL FAILED Error in Q8IXJ9, /L@1296, tried 1 files"
Q8NEM7,"ALL FAILED Error in Q8NEM7, /C@570, tried 1 files"
O94759,"ALL FAILED Error in O94759, /A@990, tried 4 files"
Q9P212,"ALL FAILED Error in Q9P212, /C@2199, tried 2 files"
P25440,"ALL FAILED Error in P25440, /A@194, tried 55 files"
Q8WUQ7,"ALL FAILED Error in Q8WUQ7, /F@205, tried 1 files"
O00268,"ALL FAILED Error in O00268, /D@445, tried 4 files"
O95980,"ALL FAILED Error in O95980, /C@185, tried 1 files"
P35498,"ALL FAILED Error in P35498, /A@94, tried 1 files"
P34947,"ALL FAILED Error in P34947, /A@580, tried 3 files"
Q9ULG1,"ALL FAILED Error in Q9ULG1, /G@59, tried 1 files"
O60216,"ALL FAILED Error in O60216, /B@511, tried 3 files"
Q9HB96,"ALL FAILED Error in Q9HB96, /E@267, tried 1 files"
P21452,"ALL FAILED Error in P21452, /B@19, tried 1 files"
Q8IWJ2,"ALL FAILED Error in Q8IWJ2, /D@1576, tried 3 files"
Q9NZJ9,"ALL FAILED Error in Q9NZJ9, /A@112, tried 4 files"
P60468,"ALL FAILED Error in P60468, /C@10, tried 9 files"
P42858,"ALL FAILED Error in P42858, /A@293, tried 1 files"
P51168,"ALL FAILED Error in P51168, /B@135, tried 1 files"
Q8NEM7,"ALL FAILED Error in Q8NEM7, /C@545, tried 1 files"
Q5MNZ6,"ALL FAILED Error in Q5MNZ6, /A@128, tried 3 files"
Q15070,"ALL FAILED Error in Q15070, /u@171, tried 1 files"
O75762,"ALL FAILED Error in O75762, /A@109, tried 32 files"
Q9BZM5,"ALL FAILED Error in Q9BZM5, /D@91, tried 3 files"
Q07864,"ALL FAILED Error in Q07864, /B@841, tried 2 files"
Q96SD1,"ALL FAILED Error in Q96SD1, /C@642, tried 2 files"
Q03188,"ALL FAILED Error in Q03188, /C@690, tried 2 files"
O75643,"ALL FAILED Error in O75643, /5B@16, tried 5 files"
Q9NVU7,"ALL FAILED Error in Q9NVU7, /N@489, tried 7 files"
Q8WUQ7,"ALL FAILED Error in Q8WUQ7, /F@36, tried 1 files"
Q5VST9,"ALL FAILED Error in Q5VST9, /A@4440, tried 1 files"
P43405,"ALL FAILED Error in P43405, /A@267, tried 29 files"
Q9Y271,"ALL FAILED Error in Q9Y271, /A@133, tried 6 files"
O15360,"ALL FAILED Error in O15360, /A@1003, tried 2 files"
Q9NT68,"ALL FAILED Error in Q9NT68, /A@1383, tried 2 files"
Q96LI5,"ALL FAILED Error in Q96LI5, /A@553, tried 5 files"
P52701,"ALL FAILED Error in P52701, /A@184, tried 2 files"
Q9NXA8,"ALL FAILED Error in Q9NXA8, /A@306, tried 1 files"
P20151,"ALL FAILED Error in P20151, /A@102, tried 2 files"
Q15637,"ALL FAILED Error in Q15637, /D@251, tried 1 files"
Q07864,"ALL FAILED Error in Q07864, /B@907, tried 2 files"
Q8NCM8,"ALL FAILED Error in Q8NCM8, /A@1074, tried 2 files"
O75694,"ALL FAILED Error in O75694, /A@1351, tried 1 files"
P20290,"ALL FAILED Error in P20290, /u@51, tried 2 files"
O60841,"ALL FAILED Error in O60841, /1@672, tried 1 files"
P11172,"ALL FAILED Error in P11172, /A@204, tried 16 files"
A0A0B4J271,"ALL FAILED Error in A0A0B4J271, /D@49, tried 18 files"
Q9H293,"ALL FAILED Error in Q9H293, /A@68, tried 2 files"
O15265,"ALL FAILED Error in O15265, /N@308, tried 1 files"
P49916,"ALL FAILED Error in P49916, /A@764, tried 1 files"
P49863,"ALL FAILED Error in P49863, /A@188, tried 2 files"
P13631,"ALL FAILED Error in P13631, /A@418, tried 7 files"
P42704,"ALL FAILED Error in P42704, /A5@1392, tried 1 files"
Q9NT68,"ALL FAILED Error in Q9NT68, /A@1443, tried 2 files"
Q08AG7,"ALL FAILED Error in Q08AG7, /B@79, tried 3 files"
O75182,"ALL FAILED Error in O75182, /A@132, tried 3 files"
Q14839,"ALL FAILED Error in Q14839, /W@1113, tried 1 files"
Q9P2D8,"ALL FAILED Error in Q9P2D8, /D@915, tried 2 files"
Q14839,"ALL FAILED Error in Q14839, /W@1134, tried 1 files"
Q92900,"ALL FAILED Error in Q92900, /A@354, tried 10 files"
Q15046,"ALL FAILED Error in Q15046, /A@57, tried 2 files"
Q6NXR4,"ALL FAILED Error in Q6NXR4, /J@365, tried 1 files"
Q15650,"ALL FAILED Error in Q15650, /A@236, tried 1 files"
Q9NYQ6,"ALL FAILED Error in Q9NYQ6, /A@621, tried 2 files"
Q13002,"ALL FAILED Error in Q13002, /A@546, tried 4 files"
P08183,"ALL FAILED Error in P08183, /A@656, tried 4 files"
O14497,"ALL FAILED Error in O14497, /L@983, tried 1 files"
O95793,"ALL FAILED Error in O95793, /A@343, tried 3 files"
Q8NBS3,"ALL FAILED Error in Q8NBS3, /A@169, tried 8 files"
P16157,"ALL FAILED Error in P16157, /J@1632, tried 8 files"
P22888,"ALL FAILED Error in P22888, /R@299, tried 1 files"
P08172,"ALL FAILED Error in P08172, /A@461, tried 12 files"
O95793,"ALL FAILED Error in O95793, /A@347, tried 3 files"
Q9HAW4,"ALL FAILED Error in Q9HAW4, /Q@1279, tried 3 files"
Q9UQD0,"ALL FAILED Error in Q9UQD0, /B@1927, tried 3 files"
O60486,"ALL FAILED Error in O60486, /B@1308, tried 2 files"
Q9H4Q4,"ALL FAILED Error in Q9H4Q4, /A@225, tried 2 files"
O94868,"ALL FAILED Error in O94868, /A@598, tried 4 files"
P02647,"ALL FAILED Error in P02647, /C@265, tried 4 files"
Q6P2C8,"ALL FAILED Error in Q6P2C8, /0@88, tried 1 files"
O00451,"ALL FAILED Error in O00451, /C@70, tried 2 files"
Q96Q15,"ALL FAILED Error in Q96Q15, /A@2848, tried 8 files"
Q6PI98,"ALL FAILED Error in Q6PI98, /Q@126, tried 1 files"
P35240,"ALL FAILED Error in P35240, /B@565, tried 1 files"
P29074,"ALL FAILED Error in P29074, /A@875, tried 1 files"
Q9UGJ1,"ALL FAILED Error in Q9UGJ1, /A@248, tried 1 files"
Q9NQZ2,"ALL FAILED Error in Q9NQZ2, /NB@106, tried 1 files"
Q9BY44,"ALL FAILED Error in Q9BY44, /A@563, tried 1 files"
Q13224,"ALL FAILED Error in Q13224, /B@348, tried 6 files"
Q13563,"ALL FAILED Error in Q13563, /A@737, tried 4 files"
Q969G3,"ALL FAILED Error in Q969G3, /Z@37, tried 2 files"
P42566,"ALL FAILED Error in P42566, /E@616, tried 2 files"
Q5VZE5,"ALL FAILED Error in Q5VZE5, /B@277, tried 1 files"
P46063,"ALL FAILED Error in P46063, /A@59, tried 8 files"
P51168,"ALL FAILED Error in P51168, /B@170, tried 1 files"
Q5HYA8,"ALL FAILED Error in Q5HYA8, /A@801, tried 2 files"
Q9H089,"ALL FAILED Error in Q9H089, /1@490, tried 1 files"
Q9NPJ4,"ALL FAILED Error in Q9NPJ4, /C@16, tried 2 files"
Q05940,"ALL FAILED Error in Q05940, /A@109, tried 5 files"
P52655,"ALL FAILED Error in P52655, /U@130, tried 9 files"
Q96QE5,"ALL FAILED Error in Q96QE5, /A@46, tried 1 files"
P16473,"ALL FAILED Error in P16473, /R@744, tried 3 files"
Q9NZZ3,"ALL FAILED Error in Q9NZZ3, /C@143, tried 1 files"
O60741,"ALL FAILED Error in O60741, /A@55, tried 8 files"
Q9Y5Y9,"ALL FAILED Error in Q9Y5Y9, /A@1833, tried 4 files"
Q9P2M4,"ALL FAILED Error in Q9P2M4, /A@420, tried 1 files"
P08575,"ALL FAILED Error in P08575, /A@499, tried 2 files"
P21675,"ALL FAILED Error in P21675, /A@555, tried 2 files"
Q5T601,"ALL FAILED Error in Q5T601, /R@885, tried 6 files"
Q9H089,"ALL FAILED Error in Q9H089, /1@135, tried 1 files"
P00451,"ALL FAILED Error in P00451, /A@1029, tried 7 files"
Q7Z2W9,"ALL FAILED Error in Q7Z2W9, /S@40, tried 41 files"
Q13085,"ALL FAILED Error in Q13085, /A@1574, tried 6 files"
Q6P1J9,"ALL FAILED Error in Q6P1J9, /X@376, tried 6 files"
Q9Y6U3,"ALL FAILED Error in Q9Y6U3, /A@496, tried 8 files"
Q5TKA1,"ALL FAILED Error in Q5TKA1, /C@530, tried 1 files"
P18564,"ALL FAILED Error in P18564, /B@759, tried 2 files"
Q9Y5A9,"ALL FAILED Error in Q9Y5A9, /A@397, tried 2 files"
Q9Y676,"ALL FAILED Error in Q9Y676, /AO@7, tried 29 files"
P19429,"ALL FAILED Error in P19429, /C@25, tried 1 files"
Q86Z14,"ALL FAILED Error in Q86Z14, /A@120, tried 7 files"
Q14126,"ALL FAILED Error in Q14126, /D@898, tried 4 files"
Q99459,"ALL FAILED Error in Q99459, /L@418, tried 9 files"
Q86XP3,"ALL FAILED Error in Q86XP3, /E@750, tried 2 files"
P32297,"ALL FAILED Error in P32297, /A@247, tried 4 files"
P52948,"ALL FAILED Error in P52948, /C@368, tried 4 files"
O95402,"ALL FAILED Error in O95402, /Z@183, tried 1 files"
Q12834,"ALL FAILED Error in Q12834, /A@103, tried 5 files"
P11717,"ALL FAILED Error in P11717, /A@543, tried 2 files"
O75844,"ALL FAILED Error in O75844, /A@304, tried 5 files"
Q13332,"ALL FAILED Error in Q13332, /A@220, tried 4 files"
Q71SY5,"ALL FAILED Error in Q71SY5, /Y@643, tried 1 files"
Q9Y4W6,"ALL FAILED Error in Q9Y4W6, /A@432, tried 6 files"
Q13362,"ALL FAILED Error in Q13362, /B@440, tried 3 files"
Q99895,"ALL FAILED Error in Q99895, /A@120, tried 1 files"
Q9Y4P8,"ALL FAILED Error in Q9Y4P8, /A@358, tried 5 files"
P22607,"ALL FAILED Error in P22607, /A@453, tried 3 files"
Q9H1J5,"ALL FAILED Error in Q9H1J5, /D@119, tried 1 files"
A6H8Y1,"ALL FAILED Error in A6H8Y1, /W@2151, tried 1 files"
Q07864,"ALL FAILED Error in Q07864, /B@563, tried 2 files"
P08567,"ALL FAILED Error in P08567, /A@305, tried 6 files"
Q9NT68,"ALL FAILED Error in Q9NT68, /A@1217, tried 2 files"
P21675,"ALL FAILED Error in P21675, /A@84, tried 2 files"
Q8TAD8,"ALL FAILED Error in Q8TAD8, /X@183, tried 1 files"
Q9HAR2,"ALL FAILED Error in Q9HAR2, /B@670, tried 1 files"
Q15648,"ALL FAILED Error in Q15648, /A@1430, tried 1 files"
Q9GZV9,"ALL FAILED Error in Q9GZV9, /B@233, tried 1 files"
O43290,"ALL FAILED Error in O43290, /S@794, tried 2 files"
P04049,"ALL FAILED Error in P04049, /C@392, tried 1 files"
Q8TEV9,"ALL FAILED Error in Q8TEV9, /B@576, tried 2 files"
Q9UBT6,"ALL FAILED Error in Q9UBT6, /A@589, tried 1 files"
Q8TEQ6,"ALL FAILED Error in Q8TEQ6, /A@229, tried 18 files"
Q5JTH9,"ALL FAILED Error in Q5JTH9, /K@27, tried 8 files"
Q5TBB1,"ALL FAILED Error in Q5TBB1, /B@181, tried 6 files"
O75762,"ALL FAILED Error in O75762, /A@144, tried 32 files"
Q9UNQ0,"ALL FAILED Error in Q9UNQ0, /A@5, tried 28 files"
Q92990,"ALL FAILED Error in Q92990, /E@438, tried 2 files"
Q8NI27,"ALL FAILED Error in Q8NI27, /B@1257, tried 4 files"
Q09472,"ALL FAILED Error in Q09472, /K@1718, tried 1 files"
P06213,"ALL FAILED Error in P06213, /A@1365, tried 4 files"
Q8NDZ2,"ALL FAILED Error in Q8NDZ2, /A@361, tried 1 files"
P35052,"ALL FAILED Error in P35052, /A@349, tried 16 files"
Q14165,"ALL FAILED Error in Q14165, /I@105, tried 1 files"
Q9H2X9,"ALL FAILED Error in Q9H2X9, /A@53, tried 4 files"
P35499,"ALL FAILED Error in P35499, /A@913, tried 1 files"
Q99459,"ALL FAILED Error in Q99459, /L@619, tried 9 files"
Q5TBB1,"ALL FAILED Error in Q5TBB1, /B@33, tried 6 files"
Q9BZ95,"ALL FAILED Error in Q9BZ95, /I@1296, tried 4 files"
P26440,"ALL FAILED Error in P26440, /A@79, tried 4 files"
Q9H2X9,"ALL FAILED Error in Q9H2X9, /A@977, tried 4 files"
P07996,"ALL FAILED Error in P07996, /A@244, tried 4 files"
Q7Z406,"ALL FAILED Error in Q7Z406, /A@499, tried 2 files"
Q9P2K3,"ALL FAILED Error in Q9P2K3, /B@330, tried 1 files"
Q9NR09,"ALL FAILED Error in Q9NR09, /A@1254, tried 17 files"
Q6ZWB6,"ALL FAILED Error in Q6ZWB6, /A@303, tried 4 files"
Q5TKA1,"ALL FAILED Error in Q5TKA1, /C@73, tried 1 files"
Q8N201,"ALL FAILED Error in Q8N201, /A@1970, tried 1 files"
Q8WWQ0,"ALL FAILED Error in Q8WWQ0, /A@1311, tried 1 files"
Q7LBE3,"ALL FAILED Error in Q7LBE3, /A@156, tried 2 files"
Q9UPY3,"ALL FAILED Error in Q9UPY3, /A@1186, tried 1 files"
P35637,"ALL FAILED Error in P35637, /B@435, tried 1 files"
Q8IUR7,"ALL FAILED Error in Q8IUR7, /E@186, tried 1 files"
P41586,"ALL FAILED Error in P41586, /R@465, tried 2 files"
O76094,"ALL FAILED Error in O76094, /z@168, tried 1 files"
Q8NCM2,"ALL FAILED Error in Q8NCM2, /A@307, tried 16 files"
