Q6PI98,"ALL FAILED Error in Q6PI98, /Q@30, tried 1 files"
Q8IVH2,"ALL FAILED Error in Q8IVH2, /A@491, tried 1 files"
Q8IWJ2,"ALL FAILED Error in Q8IWJ2, /D@1606, tried 3 files"
O60563,"ALL FAILED Error in O60563, /B@370, tried 1 files"
P04150,"ALL FAILED Error in P04150, /A@391, tried 4 files"
Q14562,"ALL FAILED Error in Q14562, /V@245, tried 3 files"
Q9Y2U9,"ALL FAILED Error in Q9Y2U9, /A@5, tried 10 files"
P21554,"ALL FAILED Error in P21554, /R@26, tried 3 files"
Q7Z6J9,"ALL FAILED Error in Q7Z6J9, /CP1@305, tried 5 files"
Q15399,"ALL FAILED Error in Q15399, /A@408, tried 6 files"
P42704,"ALL FAILED Error in P42704, /A5@985, tried 1 files"
P21675,"ALL FAILED Error in P21675, /A@1144, tried 3 files"
Q9HAT8,"ALL FAILED Error in Q9HAT8, /A@13, tried 2 files"
Q7L014,"ALL FAILED Error in Q7L014, /E@109, tried 3 files"
P11498,"ALL FAILED Error in P11498, /A@28, tried 4 files"
Q6R327,"ALL FAILED Error in Q6R327, /E@1106, tried 8 files"
O14497,"ALL FAILED Error in O14497, /L@1208, tried 1 files"
Q99638,"ALL FAILED Error in Q99638, /B@300, tried 1 files"
Q96Q04,"ALL FAILED Error in Q96Q04, /A@931, tried 1 files"
P46527,"ALL FAILED Error in P46527, /D@124, tried 1 files"
Q9NT68,"ALL FAILED Error in Q9NT68, /A@1581, tried 2 files"
Q09428,"ALL FAILED Error in Q09428, /E@331, tried 1 files"
Q8NFZ4,"ALL FAILED Error in Q8NFZ4, /A@690, tried 2 files"
A6H8Y1,"ALL FAILED Error in A6H8Y1, /W@1555, tried 1 files"
Q5T653,"ALL FAILED Error in Q5T653, /D@60, tried 41 files"
P27540,"ALL FAILED Error in P27540, /B@291, tried 2 files"
P35318,"ALL FAILED Error in P35318, /P@100, tried 2 files"
Q9NZJ5,"ALL FAILED Error in Q9NZJ5, /A@760, tried 13 files"
Q9BXP8,"ALL FAILED Error in Q9BXP8, /A@1243, tried 1 files"
Q9BY12,"ALL FAILED Error in Q9BY12, /s2@1087, tried 1 files"
P35499,"ALL FAILED Error in P35499, /A@315, tried 1 files"
Q9H3N8,"ALL FAILED Error in Q9H3N8, /R@268, tried 2 files"
Q9NP55,"ALL FAILED Error in Q9NP55, /A@37, tried 10 files"
Q9UHW9,"ALL FAILED Error in Q9UHW9, /A@754, tried 8 files"
Q8WUQ7,"ALL FAILED Error in Q8WUQ7, /F@359, tried 1 files"
Q6P2Q9,"ALL FAILED Error in Q6P2Q9, /A@12, tried 9 files"
O15234,"ALL FAILED Error in O15234, /x@475, tried 1 files"
O15270,"ALL FAILED Error in O15270, /B@27, tried 21 files"
P55075,"ALL FAILED Error in P55075, /M@154, tried 2 files"
P78310,"ALL FAILED Error in P78310, /E@228, tried 4 files"
P39086,"ALL FAILED Error in P39086, /A@606, tried 19 files"
P28221,"ALL FAILED Error in P28221, /R@21, tried 2 files"
Q96QB1,"ALL FAILED Error in Q96QB1, /A@1218, tried 1 files"
Q9HAR2,"ALL FAILED Error in Q9HAR2, /B@717, tried 1 files"
Q9UQD0,"ALL FAILED Error in Q9UQD0, /B@560, tried 3 files"
O95239,"ALL FAILED Error in O95239, /B@1203, tried 1 files"
Q15046,"ALL FAILED Error in Q15046, /A@57, tried 2 files"
P45984,"ALL FAILED Error in P45984, /A@384, tried 1 files"
A6H8Y1,"ALL FAILED Error in A6H8Y1, /W@122, tried 1 files"
P35613,"ALL FAILED Error in P35613, /E@214, tried 17 files"
Q9BZM5,"ALL FAILED Error in Q9BZM5, /D@112, tried 3 files"
O14964,"ALL FAILED Error in O14964, /A@47, tried 2 files"
P25054,"ALL FAILED Error in P25054, /A@389, tried 2 files"
Q8WUB8,"ALL FAILED Error in Q8WUB8, /R@73, tried 1 files"
P35498,"ALL FAILED Error in P35498, /A@1943, tried 1 files"
O15265,"ALL FAILED Error in O15265, /N@863, tried 1 files"
Q9UHX3,"ALL FAILED Error in Q9UHX3, /A@203, tried 4 files"
O96019,"ALL FAILED Error in O96019, /N@313, tried 1 files"
P25929,"ALL FAILED Error in P25929, /R@378, tried 1 files"
Q9UBD9,"ALL FAILED Error in Q9UBD9, /D@29, tried 2 files"
P19484,"ALL FAILED Error in P19484, /A@266, tried 6 files"
P25101,"ALL FAILED Error in P25101, /R@62, tried 1 files"
Q9UNS1,"ALL FAILED Error in Q9UNS1, /K@1184, tried 3 files"
Q9Y210,"ALL FAILED Error in Q9Y210, /A@805, tried 16 files"
P81274,"ALL FAILED Error in P81274, /A@383, tried 7 files"
O75691,"ALL FAILED Error in O75691, /SP@2752, tried 1 files"
Q96AZ6,"ALL FAILED Error in Q96AZ6, /A@144, tried 1 files"
Q08AF3,"ALL FAILED Error in Q08AF3, /A@736, tried 1 files"
Q96FT9,"ALL FAILED Error in Q96FT9, /F@35, tried 2 files"
O75821,"ALL FAILED Error in O75821, /o@232, tried 2 files"
P47895,"ALL FAILED Error in P47895, /A@5, tried 22 files"
Q9P2K8,"ALL FAILED Error in Q9P2K8, /A@772, tried 16 files"
P54710,"ALL FAILED Error in P54710, /C@55, tried 3 files"
P52948,"ALL FAILED Error in P52948, /C@676, tried 4 files"
Q15849,"ALL FAILED Error in Q15849, /A@760, tried 3 files"
Q9P2D8,"ALL FAILED Error in Q9P2D8, /D@414, tried 2 files"
P80098,"ALL FAILED Error in P80098, /B@29, tried 9 files"
P08648,"ALL FAILED Error in P08648, /A@771, tried 1 files"
Q9UJ71,"ALL FAILED Error in Q9UJ71, /A@134, tried 4 files"
Q13315,"ALL FAILED Error in Q13315, /A@859, tried 18 files"
Q70CQ3,"ALL FAILED Error in Q70CQ3, /A@392, tried 4 files"
Q13835,"ALL FAILED Error in Q13835, /A@608, tried 1 files"
P19086,"ALL FAILED Error in P19086, /B@262, tried 1 files"
O14980,"ALL FAILED Error in O14980, /A@1061, tried 1 files"
O14522,"ALL FAILED Error in O14522, /A@1114, tried 2 files"
Q99959,"ALL FAILED Error in Q99959, /A@557, tried 1 files"
P08183,"ALL FAILED Error in P08183, /A@99, tried 4 files"
P50616,"ALL FAILED Error in P50616, /A@331, tried 2 files"
O95049,"ALL FAILED Error in O95049, /A@687, tried 1 files"
P41743,"ALL FAILED Error in P41743, /A@461, tried 16 files"
Q14244,"ALL FAILED Error in Q14244, /A@227, tried 1 files"
Q9P2D8,"ALL FAILED Error in Q9P2D8, /D@484, tried 2 files"
Q5MNZ6,"ALL FAILED Error in Q5MNZ6, /A@194, tried 3 files"
Q8IXJ9,"ALL FAILED Error in Q8IXJ9, /L@1381, tried 1 files"
Q9NYQ6,"ALL FAILED Error in Q9NYQ6, /A@621, tried 2 files"
Q8N201,"ALL FAILED Error in Q8N201, /A@349, tried 1 files"
Q71F23,"ALL FAILED Error in Q71F23, /U@22, tried 3 files"
Q9C0H2,"ALL FAILED Error in Q9C0H2, /A@488, tried 2 files"
P14616,"ALL FAILED Error in P14616, /A@1109, tried 6 files"
Q5TKA1,"ALL FAILED Error in Q5TKA1, /C@459, tried 1 files"
Q14692,"ALL FAILED Error in Q14692, /SI@562, tried 1 files"
P47989,"ALL FAILED Error in P47989, /A@175, tried 4 files"
Q9UGL1,"ALL FAILED Error in Q9UGL1, /A@180, tried 52 files"
O95273,"ALL FAILED Error in O95273, /A@212, tried 1 files"
Q8N3Y1,"ALL FAILED Error in Q8N3Y1, /F@126, tried 1 files"
P52757,"ALL FAILED Error in P52757, /A@207, tried 1 files"
Q13823,"ALL FAILED Error in Q13823, /w@513, tried 20 files"
P22626,"ALL FAILED Error in P22626, /A@218, tried 30 files"
Q86V81,"ALL FAILED Error in Q86V81, /D@72, tried 6 files"
O00399,"ALL FAILED Error in O00399, /A@173, tried 2 files"
P17213,"ALL FAILED Error in P17213, /A@211, tried 2 files"
P34925,"ALL FAILED Error in P34925, /A@501, tried 1 files"
Q9HBA0,"ALL FAILED Error in Q9HBA0, /A@835, tried 46 files"
O15245,"ALL FAILED Error in O15245, /A@309, tried 6 files"
Q9BZV1,"ALL FAILED Error in Q9BZV1, /G@81, tried 10 files"
P09651,"ALL FAILED Error in P09651, /C@317, tried 20 files"
Q07864,"ALL FAILED Error in Q07864, /B@513, tried 2 files"
Q9HAW4,"ALL FAILED Error in Q9HAW4, /Q@224, tried 3 files"
P47870,"ALL FAILED Error in P47870, /A@267, tried 30 files"
O43660,"ALL FAILED Error in O43660, /A@163, tried 13 files"
Q08493,"ALL FAILED Error in Q08493, /A@473, tried 1 files"
Q9BTZ2,"ALL FAILED Error in Q9BTZ2, /A@120, tried 4 files"
P42658,"ALL FAILED Error in P42658, /A@434, tried 8 files"
P52757,"ALL FAILED Error in P52757, /A@463, tried 1 files"
P20963,"ALL FAILED Error in P20963, /Y@105, tried 12 files"
P35367,"ALL FAILED Error in P35367, /A@228, tried 3 files"
P26440,"ALL FAILED Error in P26440, /A@171, tried 4 files"
Q15532,"ALL FAILED Error in Q15532, /A@82, tried 4 files"
P12532,"ALL FAILED Error in P12532, /A@253, tried 8 files"
Q8IXJ9,"ALL FAILED Error in Q8IXJ9, /L@904, tried 1 files"
Q9NPJ6,"ALL FAILED Error in Q9NPJ6, /D@235, tried 1 files"
Q15061,"ALL FAILED Error in Q15061, /LK@154, tried 2 files"
Q9NY46,"ALL FAILED Error in Q9NY46, /D@1134, tried 2 files"
Q9NZE8,"ALL FAILED Error in Q9NZE8, /3@34, tried 41 files"
Q9HCG8,"ALL FAILED Error in Q9HCG8, /T@664, tried 5 files"
Q9BSA4,"ALL FAILED Error in Q9BSA4, /A@434, tried 2 files"
Q14566,"ALL FAILED Error in Q14566, /6@704, tried 6 files"
P13569,"ALL FAILED Error in P13569, /A@416, tried 52 files"
P49792,"ALL FAILED Error in P49792, /B@1690, tried 2 files"
O94906,"ALL FAILED Error in O94906, /5J@939, tried 1 files"
Q9Y285,"ALL FAILED Error in Q9Y285, /A@110, tried 8 files"
Q6PL18,"ALL FAILED Error in Q6PL18, /A@1171, tried 6 files"
P11802,"ALL FAILED Error in P11802, /B@301, tried 11 files"
A6H8Y1,"ALL FAILED Error in A6H8Y1, /W@787, tried 1 files"
P54652,"ALL FAILED Error in P54652, /A@437, tried 2 files"
Q14141,"ALL FAILED Error in Q14141, /B@92, tried 1 files"
Q5JUK3,"ALL FAILED Error in Q5JUK3, /A@199, tried 24 files"
Q96DF8,"ALL FAILED Error in Q96DF8, /4@195, tried 1 files"
O00267,"ALL FAILED Error in O00267, /Z@656, tried 7 files"
Q9H0U3,"ALL FAILED Error in Q9H0U3, /H@132, tried 1 files"
O75027,"ALL FAILED Error in O75027, /A@742, tried 2 files"
O15245,"ALL FAILED Error in O15245, /A@530, tried 6 files"
Q9HAR2,"ALL FAILED Error in Q9HAR2, /B@696, tried 1 files"
A6H8Y1,"ALL FAILED Error in A6H8Y1, /W@402, tried 1 files"
P11498,"ALL FAILED Error in P11498, /A@230, tried 4 files"
Q8IXJ9,"ALL FAILED Error in Q8IXJ9, /L@1296, tried 1 files"
P01562,"ALL FAILED Error in P01562, /A@69, tried 2 files"
O95259,"ALL FAILED Error in O95259, /A@26, tried 6 files"
Q12791,"ALL FAILED Error in Q12791, /A@780, tried 23 files"
Q9NR09,"ALL FAILED Error in Q9NR09, /A@887, tried 17 files"
Q92541,"ALL FAILED Error in Q92541, /R@131, tried 3 files"
Q2Y0W8,"ALL FAILED Error in Q2Y0W8, /A@230, tried 2 files"
O15455,"ALL FAILED Error in O15455, /A@735, tried 5 files"
P41595,"ALL FAILED Error in P41595, /R@438, tried 1 files"
Q01118,"ALL FAILED Error in Q01118, /A@747, tried 2 files"
P18564,"ALL FAILED Error in P18564, /B@555, tried 2 files"
P50607,"ALL FAILED Error in P50607, /A@346, tried 1 files"
Q9H6T3,"ALL FAILED Error in Q9H6T3, /A@442, tried 2 files"
P26440,"ALL FAILED Error in P26440, /A@89, tried 4 files"
Q8IUR7,"ALL FAILED Error in Q8IUR7, /E@228, tried 1 files"
Q9HCS7,"ALL FAILED Error in Q9HCS7, /T@346, tried 5 files"
Q9NQV5,"ALL FAILED Error in Q9NQV5, /A@297, tried 1 files"
Q01780,"ALL FAILED Error in Q01780, /J@179, tried 3 files"
Q14204,"ALL FAILED Error in Q14204, /A@3237, tried 8 files"
Q9UJV9,"ALL FAILED Error in Q9UJV9, /A@528, tried 3 files"
P78362,"ALL FAILED Error in P78362, /A@410, tried 6 files"
P17516,"ALL FAILED Error in P17516, /A@302, tried 3 files"
O15270,"ALL FAILED Error in O15270, /B@22, tried 21 files"
Q01668,"ALL FAILED Error in Q01668, /A@1705, tried 5 files"
Q9UPY3,"ALL FAILED Error in Q9UPY3, /A@635, tried 1 files"
P05771,"ALL FAILED Error in P05771, /A@664, tried 2 files"
Q9UJQ4,"ALL FAILED Error in Q9UJQ4, /A@438, tried 6 files"
Q13936,"ALL FAILED Error in Q13936, /K@1695, tried 1 files"
P08648,"ALL FAILED Error in P08648, /A@795, tried 1 files"
Q5JTH9,"ALL FAILED Error in Q5JTH9, /K@1163, tried 8 files"
O60486,"ALL FAILED Error in O60486, /B@553, tried 2 files"
P08519,"ALL FAILED Error in P08519, /A@1329, tried 3 files"
Q9HAW4,"ALL FAILED Error in Q9HAW4, /Q@478, tried 3 files"
O75475,"ALL FAILED Error in O75475, /C@173, tried 15 files"
Q9BVS4,"ALL FAILED Error in Q9BVS4, /v@475, tried 1 files"
P29375,"ALL FAILED Error in P29375, /A@270, tried 41 files"
Q92620,"ALL FAILED Error in Q92620, /r@1013, tried 1 files"
Q6P5Q4,"ALL FAILED Error in Q6P5Q4, /C@148, tried 4 files"
Q9NR09,"ALL FAILED Error in Q9NR09, /A@3138, tried 17 files"
Q92876,"ALL FAILED Error in Q92876, /A@179, tried 35 files"
P26012,"ALL FAILED Error in P26012, /B@639, tried 1 files"
P35670,"ALL FAILED Error in P35670, /A@505, tried 2 files"
