Q5CZC0,"ALPHAFOLD Error in Q5CZC0, @1598: Fetching url https://alphafold.ebi.ac.uk/files/AF-Q5CZC0-F1-model_v4.cif failed:
HTTP Error 404: Not Found"
Q96N23,"ALPHAFOLD Error in Q96N23, @2011: Fetching url https://alphafold.ebi.ac.uk/files/AF-Q96N23-F1-model_v4.cif failed:
HTTP Error 404: Not Found"
O15417,"ALPHAFOLD Error in O15417, @776: Fetching url https://alphafold.ebi.ac.uk/files/AF-O15417-F1-model_v4.cif failed:
HTTP Error 404: Not Found"
Q8WXX0,"ALPHAFOLD Error in Q8WXX0, @1992: Fetching url https://alphafold.ebi.ac.uk/files/AF-Q8WXX0-F1-model_v4.cif failed:
HTTP Error 404: Not Found"
Q8WXG9,"ALPHAFOLD Error in Q8WXG9, @4757: Fetching url https://alphafold.ebi.ac.uk/files/AF-Q8WXG9-F1-model_v4.cif failed:
HTTP Error 404: Not Found"
Q9UPA5,"ALPHAFOLD Error in Q9UPA5, @204: Fetching url https://alphafold.ebi.ac.uk/files/AF-Q9UPA5-F1-model_v4.cif failed:
HTTP Error 404: Not Found"
Q8NEZ4,"ALPHAFOLD Error in Q8NEZ4, @118: Fetching url https://alphafold.ebi.ac.uk/files/AF-Q8NEZ4-F1-model_v4.cif failed:
HTTP Error 404: Not Found"
P98088,"ALPHAFOLD Error in P98088, @2144: Fetching url https://alphafold.ebi.ac.uk/files/AF-P98088-F1-model_v4.cif failed:
HTTP Error 404: Not Found"
Q8WXI7,"ALPHAFOLD Error in Q8WXI7, @7776: Fetching url https://alphafold.ebi.ac.uk/files/AF-Q8WXI7-F1-model_v4.cif failed:
HTTP Error 404: Not Found"
Q96RW7,"ALPHAFOLD Error in Q96RW7, @2640: Fetching url https://alphafold.ebi.ac.uk/files/AF-Q96RW7-F1-model_v4.cif failed:
HTTP Error 404: Not Found"
Q99698,"ALPHAFOLD Error in Q99698, @1669: Fetching url https://alphafold.ebi.ac.uk/files/AF-Q99698-F1-model_v4.cif failed:
HTTP Error 404: Not Found"
Q6V0I7,"ALPHAFOLD Error in Q6V0I7, @4351: Fetching url https://alphafold.ebi.ac.uk/files/AF-Q6V0I7-F1-model_v4.cif failed:
HTTP Error 404: Not Found"
Q9NYQ6,"ALPHAFOLD Error in Q9NYQ6, @1805: Fetching url https://alphafold.ebi.ac.uk/files/AF-Q9NYQ6-F1-model_v4.cif failed:
HTTP Error 404: Not Found"
Q15149,"ALPHAFOLD Error in Q15149, @2977: Fetching url https://alphafold.ebi.ac.uk/files/AF-Q15149-F1-model_v4.cif failed:
HTTP Error 404: Not Found"
Q9HBT7,"ALPHAFOLD Error in Q9HBT7, @754: N/Q not found in this AA or the preceding one: Q9HBT7, @754"
P46013,"ALPHAFOLD Error in P46013, @815: Fetching url https://alphafold.ebi.ac.uk/files/AF-P46013-F1-model_v4.cif failed:
HTTP Error 404: Not Found"
Q8WXG9,"ALPHAFOLD Error in Q8WXG9, @5213: Fetching url https://alphafold.ebi.ac.uk/files/AF-Q8WXG9-F1-model_v4.cif failed:
HTTP Error 404: Not Found"
Q6KC79,"ALPHAFOLD Error in Q6KC79, @114: Fetching url https://alphafold.ebi.ac.uk/files/AF-Q6KC79-F1-model_v4.cif failed:
HTTP Error 404: Not Found"
Q9HC84,"ALPHAFOLD Error in Q9HC84, @4804: Fetching url https://alphafold.ebi.ac.uk/files/AF-Q9HC84-F1-model_v4.cif failed:
HTTP Error 404: Not Found"
Q6ZQQ6,"ALPHAFOLD Error in Q6ZQQ6, @336: Fetching url https://alphafold.ebi.ac.uk/files/AF-Q6ZQQ6-F1-model_v4.cif failed:
HTTP Error 404: Not Found"
O75445,"ALPHAFOLD Error in O75445, @468: Fetching url https://alphafold.ebi.ac.uk/files/AF-O75445-F1-model_v4.cif failed:
HTTP Error 404: Not Found"
P25391,"ALPHAFOLD Error in P25391, @1361: Fetching url https://alphafold.ebi.ac.uk/files/AF-P25391-F1-model_v4.cif failed:
HTTP Error 404: Not Found"
Q8IVF4,"ALPHAFOLD Error in Q8IVF4, @2670: Fetching url https://alphafold.ebi.ac.uk/files/AF-Q8IVF4-F1-model_v4.cif failed:
HTTP Error 404: Not Found"
P46939,"ALPHAFOLD Error in P46939, @1912: Fetching url https://alphafold.ebi.ac.uk/files/AF-P46939-F1-model_v4.cif failed:
HTTP Error 404: Not Found"
P24043,"ALPHAFOLD Error in P24043, @2061: Fetching url https://alphafold.ebi.ac.uk/files/AF-P24043-F1-model_v4.cif failed:
HTTP Error 404: Not Found"
A4UGR9,"ALPHAFOLD Error in A4UGR9, @553: Fetching url https://alphafold.ebi.ac.uk/files/AF-A4UGR9-F1-model_v4.cif failed:
HTTP Error 404: Not Found"
Q9Y520,"ALPHAFOLD Error in Q9Y520, @2338: Fetching url https://alphafold.ebi.ac.uk/files/AF-Q9Y520-F1-model_v4.cif failed:
HTTP Error 404: Not Found"
Q6V0I7,"ALPHAFOLD Error in Q6V0I7, @1736: Fetching url https://alphafold.ebi.ac.uk/files/AF-Q6V0I7-F1-model_v4.cif failed:
HTTP Error 404: Not Found"
Q30167,"ALPHAFOLD Error in Q30167, @179: Fetching url https://alphafold.ebi.ac.uk/files/AF-Q30167-F1-model_v4.cif failed:
HTTP Error 404: Not Found"
A0A087WUL8,"ALPHAFOLD Error in A0A087WUL8, @21: Fetching url https://alphafold.ebi.ac.uk/files/AF-A0A087WUL8-F1-model_v4.cif failed:
HTTP Error 404: Not Found"
Q3L8U1,"ALPHAFOLD Error in Q3L8U1, @1129: Fetching url https://alphafold.ebi.ac.uk/files/AF-Q3L8U1-F1-model_v4.cif failed:
HTTP Error 404: Not Found"
Q96M86,"ALPHAFOLD Error in Q96M86, @1213: Fetching url https://alphafold.ebi.ac.uk/files/AF-Q96M86-F1-model_v4.cif failed:
HTTP Error 404: Not Found"
Q6ZS81,"ALPHAFOLD Error in Q6ZS81, @2258: Fetching url https://alphafold.ebi.ac.uk/files/AF-Q6ZS81-F1-model_v4.cif failed:
HTTP Error 404: Not Found"
Q5T1H1,"ALPHAFOLD Error in Q5T1H1, @886: Fetching url https://alphafold.ebi.ac.uk/files/AF-Q5T1H1-F1-model_v4.cif failed:
HTTP Error 404: Not Found"
Q02224,"ALPHAFOLD Error in Q02224, @532: Fetching url https://alphafold.ebi.ac.uk/files/AF-Q02224-F1-model_v4.cif failed:
HTTP Error 404: Not Found"
Q09666,"ALPHAFOLD Error in Q09666, @3471: Fetching url https://alphafold.ebi.ac.uk/files/AF-Q09666-F1-model_v4.cif failed:
HTTP Error 404: Not Found"
Q7Z7G8,"ALPHAFOLD Error in Q7Z7G8, @3456: Fetching url https://alphafold.ebi.ac.uk/files/AF-Q7Z7G8-F1-model_v4.cif failed:
HTTP Error 404: Not Found"
Q13099,"ALPHAFOLD Error in Q13099, @319: N/Q not found in this AA or the preceding one: Q13099, @319"
Q9NT68,"ALPHAFOLD Error in Q9NT68, @1581: Fetching url https://alphafold.ebi.ac.uk/files/AF-Q9NT68-F1-model_v4.cif failed:
HTTP Error 404: Not Found"
P49454,"ALPHAFOLD Error in P49454, @143: Fetching url https://alphafold.ebi.ac.uk/files/AF-P49454-F1-model_v4.cif failed:
HTTP Error 404: Not Found"
Q7Z7M0,"ALPHAFOLD Error in Q7Z7M0, @1731: Fetching url https://alphafold.ebi.ac.uk/files/AF-Q7Z7M0-F1-model_v4.cif failed:
HTTP Error 404: Not Found"
P20929,"ALPHAFOLD Error in P20929, @6343: Fetching url https://alphafold.ebi.ac.uk/files/AF-P20929-F1-model_v4.cif failed:
HTTP Error 404: Not Found"
Q6V0I7,"ALPHAFOLD Error in Q6V0I7, @3456: Fetching url https://alphafold.ebi.ac.uk/files/AF-Q6V0I7-F1-model_v4.cif failed:
HTTP Error 404: Not Found"
Q685J3,"ALPHAFOLD Error in Q685J3, @3972: Fetching url https://alphafold.ebi.ac.uk/files/AF-Q685J3-F1-model_v4.cif failed:
HTTP Error 404: Not Found"
Q9Y493,"ALPHAFOLD Error in Q9Y493, @1887: Fetching url https://alphafold.ebi.ac.uk/files/AF-Q9Y493-F1-model_v4.cif failed:
HTTP Error 404: Not Found"
P78509,"ALPHAFOLD Error in P78509, @955: Fetching url https://alphafold.ebi.ac.uk/files/AF-P78509-F1-model_v4.cif failed:
HTTP Error 404: Not Found"
P25054,"ALPHAFOLD Error in P25054, @2542: Fetching url https://alphafold.ebi.ac.uk/files/AF-P25054-F1-model_v4.cif failed:
HTTP Error 404: Not Found"
Q9NYQ6,"ALPHAFOLD Error in Q9NYQ6, @1859: Fetching url https://alphafold.ebi.ac.uk/files/AF-Q9NYQ6-F1-model_v4.cif failed:
HTTP Error 404: Not Found"
Q9UPN3,"ALPHAFOLD Error in Q9UPN3, @5768: Fetching url https://alphafold.ebi.ac.uk/files/AF-Q9UPN3-F1-model_v4.cif failed:
HTTP Error 404: Not Found"
Q14643,"ALPHAFOLD Error in Q14643, @602: Fetching url https://alphafold.ebi.ac.uk/files/AF-Q14643-F1-model_v4.cif failed:
HTTP Error 404: Not Found"
Q2LD37,"ALPHAFOLD Error in Q2LD37, @4390: Fetching url https://alphafold.ebi.ac.uk/files/AF-Q2LD37-F1-model_v4.cif failed:
HTTP Error 404: Not Found"
Q5T1H1,"ALPHAFOLD Error in Q5T1H1, @628: Fetching url https://alphafold.ebi.ac.uk/files/AF-Q5T1H1-F1-model_v4.cif failed:
HTTP Error 404: Not Found"
P24043,"ALPHAFOLD Error in P24043, @1843: Fetching url https://alphafold.ebi.ac.uk/files/AF-P24043-F1-model_v4.cif failed:
HTTP Error 404: Not Found"
P35556,"ALPHAFOLD Error in P35556, @372: Fetching url https://alphafold.ebi.ac.uk/files/AF-P35556-F1-model_v4.cif failed:
HTTP Error 404: Not Found"
Q96JG9,"ALPHAFOLD Error in Q96JG9, @2846: Fetching url https://alphafold.ebi.ac.uk/files/AF-Q96JG9-F1-model_v4.cif failed:
HTTP Error 404: Not Found"
Q03001,"ALPHAFOLD Error in Q03001, @2189: Fetching url https://alphafold.ebi.ac.uk/files/AF-Q03001-F1-model_v4.cif failed:
HTTP Error 404: Not Found"
Q8N3K9,"ALPHAFOLD Error in Q8N3K9, @2261: Fetching url https://alphafold.ebi.ac.uk/files/AF-Q8N3K9-F1-model_v4.cif failed:
HTTP Error 404: Not Found"
P04114,"ALPHAFOLD Error in P04114, @1595: Fetching url https://alphafold.ebi.ac.uk/files/AF-P04114-F1-model_v4.cif failed:
HTTP Error 404: Not Found"
P49454,"ALPHAFOLD Error in P49454, @830: Fetching url https://alphafold.ebi.ac.uk/files/AF-P49454-F1-model_v4.cif failed:
HTTP Error 404: Not Found"
Q8TD26,"ALPHAFOLD Error in Q8TD26, @2099: Fetching url https://alphafold.ebi.ac.uk/files/AF-Q8TD26-F1-model_v4.cif failed:
HTTP Error 404: Not Found"
Q9H799,"ALPHAFOLD Error in Q9H799, @1243: Fetching url https://alphafold.ebi.ac.uk/files/AF-Q9H799-F1-model_v4.cif failed:
HTTP Error 404: Not Found"
Q09666,"ALPHAFOLD Error in Q09666, @4824: Fetching url https://alphafold.ebi.ac.uk/files/AF-Q09666-F1-model_v4.cif failed:
HTTP Error 404: Not Found"
Q7Z407,"ALPHAFOLD Error in Q7Z407, @475: Fetching url https://alphafold.ebi.ac.uk/files/AF-Q7Z407-F1-model_v4.cif failed:
HTTP Error 404: Not Found"
Q5CZC0,"ALPHAFOLD Error in Q5CZC0, @4340: Fetching url https://alphafold.ebi.ac.uk/files/AF-Q5CZC0-F1-model_v4.cif failed:
HTTP Error 404: Not Found"
Q3L8U1,"ALPHAFOLD Error in Q3L8U1, @2706: Fetching url https://alphafold.ebi.ac.uk/files/AF-Q3L8U1-F1-model_v4.cif failed:
HTTP Error 404: Not Found"
Q96JB1,"ALPHAFOLD Error in Q96JB1, @2083: Fetching url https://alphafold.ebi.ac.uk/files/AF-Q96JB1-F1-model_v4.cif failed:
HTTP Error 404: Not Found"
O95714,"ALPHAFOLD Error in O95714, @326: Fetching url https://alphafold.ebi.ac.uk/files/AF-O95714-F1-model_v4.cif failed:
HTTP Error 404: Not Found"
Q9Y520,"ALPHAFOLD Error in Q9Y520, @24: Fetching url https://alphafold.ebi.ac.uk/files/AF-Q9Y520-F1-model_v4.cif failed:
HTTP Error 404: Not Found"
P46939,"ALPHAFOLD Error in P46939, @633: Fetching url https://alphafold.ebi.ac.uk/files/AF-P46939-F1-model_v4.cif failed:
HTTP Error 404: Not Found"
Q8NFC6,"ALPHAFOLD Error in Q8NFC6, @1447: Fetching url https://alphafold.ebi.ac.uk/files/AF-Q8NFC6-F1-model_v4.cif failed:
HTTP Error 404: Not Found"
O60673,"ALPHAFOLD Error in O60673, @2258: Fetching url https://alphafold.ebi.ac.uk/files/AF-O60673-F1-model_v4.cif failed:
HTTP Error 404: Not Found"
Q8N3K9,"ALPHAFOLD Error in Q8N3K9, @3819: Fetching url https://alphafold.ebi.ac.uk/files/AF-Q8N3K9-F1-model_v4.cif failed:
HTTP Error 404: Not Found"
P15822,"ALPHAFOLD Error in P15822, @1994: Fetching url https://alphafold.ebi.ac.uk/files/AF-P15822-F1-model_v4.cif failed:
HTTP Error 404: Not Found"
Q5SZK8,"ALPHAFOLD Error in Q5SZK8, @1378: Fetching url https://alphafold.ebi.ac.uk/files/AF-Q5SZK8-F1-model_v4.cif failed:
HTTP Error 404: Not Found"
Q9HC84,"ALPHAFOLD Error in Q9HC84, @1590: Fetching url https://alphafold.ebi.ac.uk/files/AF-Q9HC84-F1-model_v4.cif failed:
HTTP Error 404: Not Found"
Q2LD37,"ALPHAFOLD Error in Q2LD37, @3296: Fetching url https://alphafold.ebi.ac.uk/files/AF-Q2LD37-F1-model_v4.cif failed:
HTTP Error 404: Not Found"
Q8N3K9,"ALPHAFOLD Error in Q8N3K9, @150: Fetching url https://alphafold.ebi.ac.uk/files/AF-Q8N3K9-F1-model_v4.cif failed:
HTTP Error 404: Not Found"
O60673,"ALPHAFOLD Error in O60673, @1778: Fetching url https://alphafold.ebi.ac.uk/files/AF-O60673-F1-model_v4.cif failed:
HTTP Error 404: Not Found"
Q96T58,"ALPHAFOLD Error in Q96T58, @2879: Fetching url https://alphafold.ebi.ac.uk/files/AF-Q96T58-F1-model_v4.cif failed:
HTTP Error 404: Not Found"
Q68DQ2,"ALPHAFOLD Error in Q68DQ2, @2412: Fetching url https://alphafold.ebi.ac.uk/files/AF-Q68DQ2-F1-model_v4.cif failed:
HTTP Error 404: Not Found"
P25054,"ALPHAFOLD Error in P25054, @389: Fetching url https://alphafold.ebi.ac.uk/files/AF-P25054-F1-model_v4.cif failed:
HTTP Error 404: Not Found"
Q9P2P6,"ALPHAFOLD Error in Q9P2P6, @3636: Fetching url https://alphafold.ebi.ac.uk/files/AF-Q9P2P6-F1-model_v4.cif failed:
HTTP Error 404: Not Found"
O60673,"ALPHAFOLD Error in O60673, @448: Fetching url https://alphafold.ebi.ac.uk/files/AF-O60673-F1-model_v4.cif failed:
HTTP Error 404: Not Found"
Q6ZR08,"ALPHAFOLD Error in Q6ZR08, @142: Fetching url https://alphafold.ebi.ac.uk/files/AF-Q6ZR08-F1-model_v4.cif failed:
HTTP Error 404: Not Found"
Q99698,"ALPHAFOLD Error in Q99698, @3158: Fetching url https://alphafold.ebi.ac.uk/files/AF-Q99698-F1-model_v4.cif failed:
HTTP Error 404: Not Found"
O60494,"ALPHAFOLD Error in O60494, @1409: Fetching url https://alphafold.ebi.ac.uk/files/AF-O60494-F1-model_v4.cif failed:
HTTP Error 404: Not Found"
Q8TDJ6,"ALPHAFOLD Error in Q8TDJ6, @317: Fetching url https://alphafold.ebi.ac.uk/files/AF-Q8TDJ6-F1-model_v4.cif failed:
HTTP Error 404: Not Found"
Q7Z7G8,"ALPHAFOLD Error in Q7Z7G8, @2164: Fetching url https://alphafold.ebi.ac.uk/files/AF-Q7Z7G8-F1-model_v4.cif failed:
HTTP Error 404: Not Found"
Q9NYQ8,"ALPHAFOLD Error in Q9NYQ8, @691: Fetching url https://alphafold.ebi.ac.uk/files/AF-Q9NYQ8-F1-model_v4.cif failed:
HTTP Error 404: Not Found"
O75592,"ALPHAFOLD Error in O75592, @4027: Fetching url https://alphafold.ebi.ac.uk/files/AF-O75592-F1-model_v4.cif failed:
HTTP Error 404: Not Found"
Q8IVF4,"ALPHAFOLD Error in Q8IVF4, @3092: Fetching url https://alphafold.ebi.ac.uk/files/AF-Q8IVF4-F1-model_v4.cif failed:
HTTP Error 404: Not Found"
Q5T1H1,"ALPHAFOLD Error in Q5T1H1, @1000: Fetching url https://alphafold.ebi.ac.uk/files/AF-Q5T1H1-F1-model_v4.cif failed:
HTTP Error 404: Not Found"
Q96DT5,"ALPHAFOLD Error in Q96DT5, @762: Fetching url https://alphafold.ebi.ac.uk/files/AF-Q96DT5-F1-model_v4.cif failed:
HTTP Error 404: Not Found"
O15230,"ALPHAFOLD Error in O15230, @1480: Fetching url https://alphafold.ebi.ac.uk/files/AF-O15230-F1-model_v4.cif failed:
HTTP Error 404: Not Found"
O75691,"ALPHAFOLD Error in O75691, @2752: Fetching url https://alphafold.ebi.ac.uk/files/AF-O75691-F1-model_v4.cif failed:
HTTP Error 404: Not Found"
Q8TCU4,"ALPHAFOLD Error in Q8TCU4, @2618: Fetching url https://alphafold.ebi.ac.uk/files/AF-Q8TCU4-F1-model_v4.cif failed:
HTTP Error 404: Not Found"
Q70CQ2,"ALPHAFOLD Error in Q70CQ2, @952: Fetching url https://alphafold.ebi.ac.uk/files/AF-Q70CQ2-F1-model_v4.cif failed:
HTTP Error 404: Not Found"
Q5T1H1,"ALPHAFOLD Error in Q5T1H1, @1906: Fetching url https://alphafold.ebi.ac.uk/files/AF-Q5T1H1-F1-model_v4.cif failed:
HTTP Error 404: Not Found"
Q9UKN7,"ALPHAFOLD Error in Q9UKN7, @1405: Fetching url https://alphafold.ebi.ac.uk/files/AF-Q9UKN7-F1-model_v4.cif failed:
HTTP Error 404: Not Found"
Q9P2P6,"ALPHAFOLD Error in Q9P2P6, @3758: Fetching url https://alphafold.ebi.ac.uk/files/AF-Q9P2P6-F1-model_v4.cif failed:
HTTP Error 404: Not Found"
P78509,"ALPHAFOLD Error in P78509, @3045: Fetching url https://alphafold.ebi.ac.uk/files/AF-P78509-F1-model_v4.cif failed:
HTTP Error 404: Not Found"
Q02505,"ALPHAFOLD Error in Q02505, @1647: Fetching url https://alphafold.ebi.ac.uk/files/AF-Q02505-F1-model_v4.cif failed:
HTTP Error 404: Not Found"
Q02505,"ALPHAFOLD Error in Q02505, @1440: Fetching url https://alphafold.ebi.ac.uk/files/AF-Q02505-F1-model_v4.cif failed:
HTTP Error 404: Not Found"
Q5CZC0,"ALPHAFOLD Error in Q5CZC0, @1845: Fetching url https://alphafold.ebi.ac.uk/files/AF-Q5CZC0-F1-model_v4.cif failed:
HTTP Error 404: Not Found"
P20930,"ALPHAFOLD Error in P20930, @3562: Fetching url https://alphafold.ebi.ac.uk/files/AF-P20930-F1-model_v4.cif failed:
HTTP Error 404: Not Found"
Q9H251,"ALPHAFOLD Error in Q9H251, @2396: Fetching url https://alphafold.ebi.ac.uk/files/AF-Q9H251-F1-model_v4.cif failed:
HTTP Error 404: Not Found"
Q9UPN3,"ALPHAFOLD Error in Q9UPN3, @5295: Fetching url https://alphafold.ebi.ac.uk/files/AF-Q9UPN3-F1-model_v4.cif failed:
HTTP Error 404: Not Found"
P98164,"ALPHAFOLD Error in P98164, @250: Fetching url https://alphafold.ebi.ac.uk/files/AF-P98164-F1-model_v4.cif failed:
HTTP Error 404: Not Found"
Q14643,"ALPHAFOLD Error in Q14643, @188: Fetching url https://alphafold.ebi.ac.uk/files/AF-Q14643-F1-model_v4.cif failed:
HTTP Error 404: Not Found"
Q7Z7M0,"ALPHAFOLD Error in Q7Z7M0, @1463: Fetching url https://alphafold.ebi.ac.uk/files/AF-Q7Z7M0-F1-model_v4.cif failed:
HTTP Error 404: Not Found"
Q15413,"ALPHAFOLD Error in Q15413, @533: Fetching url https://alphafold.ebi.ac.uk/files/AF-Q15413-F1-model_v4.cif failed:
HTTP Error 404: Not Found"
Q8TDJ6,"ALPHAFOLD Error in Q8TDJ6, @423: Fetching url https://alphafold.ebi.ac.uk/files/AF-Q8TDJ6-F1-model_v4.cif failed:
HTTP Error 404: Not Found"
Q9NYQ7,"ALPHAFOLD Error in Q9NYQ7, @955: Fetching url https://alphafold.ebi.ac.uk/files/AF-Q9NYQ7-F1-model_v4.cif failed:
HTTP Error 404: Not Found"
P58107,"ALPHAFOLD Error in P58107, @3345: Fetching url https://alphafold.ebi.ac.uk/files/AF-P58107-F1-model_v4.cif failed:
HTTP Error 404: Not Found"
Q8IYW2,"ALPHAFOLD Error in Q8IYW2, @1912: Fetching url https://alphafold.ebi.ac.uk/files/AF-Q8IYW2-F1-model_v4.cif failed:
HTTP Error 404: Not Found"
Q13315,"ALPHAFOLD Error in Q13315, @859: Fetching url https://alphafold.ebi.ac.uk/files/AF-Q13315-F1-model_v4.cif failed:
HTTP Error 404: Not Found"
P98161,"ALPHAFOLD Error in P98161, @970: Fetching url https://alphafold.ebi.ac.uk/files/AF-P98161-F1-model_v4.cif failed:
HTTP Error 404: Not Found"
Q5T4S7,"ALPHAFOLD Error in Q5T4S7, @5002: Fetching url https://alphafold.ebi.ac.uk/files/AF-Q5T4S7-F1-model_v4.cif failed:
HTTP Error 404: Not Found"
Q9UKN7,"ALPHAFOLD Error in Q9UKN7, @2165: Fetching url https://alphafold.ebi.ac.uk/files/AF-Q9UKN7-F1-model_v4.cif failed:
HTTP Error 404: Not Found"
Q5VST9,"ALPHAFOLD Error in Q5VST9, @6592: Fetching url https://alphafold.ebi.ac.uk/files/AF-Q5VST9-F1-model_v4.cif failed:
HTTP Error 404: Not Found"
Q5CZC0,"ALPHAFOLD Error in Q5CZC0, @283: Fetching url https://alphafold.ebi.ac.uk/files/AF-Q5CZC0-F1-model_v4.cif failed:
HTTP Error 404: Not Found"
Q99698,"ALPHAFOLD Error in Q99698, @3510: Fetching url https://alphafold.ebi.ac.uk/files/AF-Q99698-F1-model_v4.cif failed:
HTTP Error 404: Not Found"
P98161,"ALPHAFOLD Error in P98161, @2167: Fetching url https://alphafold.ebi.ac.uk/files/AF-P98161-F1-model_v4.cif failed:
HTTP Error 404: Not Found"
P35556,"ALPHAFOLD Error in P35556, @2356: Fetching url https://alphafold.ebi.ac.uk/files/AF-P35556-F1-model_v4.cif failed:
HTTP Error 404: Not Found"
Q7Z408,"ALPHAFOLD Error in Q7Z408, @1393: Fetching url https://alphafold.ebi.ac.uk/files/AF-Q7Z408-F1-model_v4.cif failed:
HTTP Error 404: Not Found"
Q5T4S7,"ALPHAFOLD Error in Q5T4S7, @4674: Fetching url https://alphafold.ebi.ac.uk/files/AF-Q5T4S7-F1-model_v4.cif failed:
HTTP Error 404: Not Found"
Q8WXI7,"ALPHAFOLD Error in Q8WXI7, @12897: Fetching url https://alphafold.ebi.ac.uk/files/AF-Q8WXI7-F1-model_v4.cif failed:
HTTP Error 404: Not Found"
Q8IZT6,"ALPHAFOLD Error in Q8IZT6, @1121: Fetching url https://alphafold.ebi.ac.uk/files/AF-Q8IZT6-F1-model_v4.cif failed:
HTTP Error 404: Not Found"
P98164,"ALPHAFOLD Error in P98164, @2929: Fetching url https://alphafold.ebi.ac.uk/files/AF-P98164-F1-model_v4.cif failed:
HTTP Error 404: Not Found"
P78509,"ALPHAFOLD Error in P78509, @1950: Fetching url https://alphafold.ebi.ac.uk/files/AF-P78509-F1-model_v4.cif failed:
HTTP Error 404: Not Found"
O60494,"ALPHAFOLD Error in O60494, @2386: Fetching url https://alphafold.ebi.ac.uk/files/AF-O60494-F1-model_v4.cif failed:
HTTP Error 404: Not Found"
P13611,"ALPHAFOLD Error in P13611, @289: Fetching url https://alphafold.ebi.ac.uk/files/AF-P13611-F1-model_v4.cif failed:
HTTP Error 404: Not Found"
Q9NZR2,"ALPHAFOLD Error in Q9NZR2, @625: Fetching url https://alphafold.ebi.ac.uk/files/AF-Q9NZR2-F1-model_v4.cif failed:
HTTP Error 404: Not Found"
O95359,"ALPHAFOLD Error in O95359, @2408: Fetching url https://alphafold.ebi.ac.uk/files/AF-O95359-F1-model_v4.cif failed:
HTTP Error 404: Not Found"
P35556,"ALPHAFOLD Error in P35556, @1557: Fetching url https://alphafold.ebi.ac.uk/files/AF-P35556-F1-model_v4.cif failed:
HTTP Error 404: Not Found"
Q86WI1,"ALPHAFOLD Error in Q86WI1, @2977: Fetching url https://alphafold.ebi.ac.uk/files/AF-Q86WI1-F1-model_v4.cif failed:
HTTP Error 404: Not Found"
Q5SRD0,"ALPHAFOLD Error in Q5SRD0, @228: Fetching url https://alphafold.ebi.ac.uk/files/AF-Q5SRD0-F1-model_v4.cif failed:
HTTP Error 404: Not Found"
Q86UQ4,"ALPHAFOLD Error in Q86UQ4, @2406: Fetching url https://alphafold.ebi.ac.uk/files/AF-Q86UQ4-F1-model_v4.cif failed:
HTTP Error 404: Not Found"
Q14517,"ALPHAFOLD Error in Q14517, @4288: Fetching url https://alphafold.ebi.ac.uk/files/AF-Q14517-F1-model_v4.cif failed:
HTTP Error 404: Not Found"
Q6ZRI0,"ALPHAFOLD Error in Q6ZRI0, @656: Fetching url https://alphafold.ebi.ac.uk/files/AF-Q6ZRI0-F1-model_v4.cif failed:
HTTP Error 404: Not Found"
Q5T4S7,"ALPHAFOLD Error in Q5T4S7, @1583: Fetching url https://alphafold.ebi.ac.uk/files/AF-Q5T4S7-F1-model_v4.cif failed:
HTTP Error 404: Not Found"
Q9NYQ6,"ALPHAFOLD Error in Q9NYQ6, @621: Fetching url https://alphafold.ebi.ac.uk/files/AF-Q9NYQ6-F1-model_v4.cif failed:
HTTP Error 404: Not Found"
Q9P2D7,"ALPHAFOLD Error in Q9P2D7, @835: Fetching url https://alphafold.ebi.ac.uk/files/AF-Q9P2D7-F1-model_v4.cif failed:
HTTP Error 404: Not Found"
Q96M86,"ALPHAFOLD Error in Q96M86, @1171: Fetching url https://alphafold.ebi.ac.uk/files/AF-Q96M86-F1-model_v4.cif failed:
HTTP Error 404: Not Found"
Q9Y485,"ALPHAFOLD Error in Q9Y485, @3021: Fetching url https://alphafold.ebi.ac.uk/files/AF-Q9Y485-F1-model_v4.cif failed:
HTTP Error 404: Not Found"
Q14789,"ALPHAFOLD Error in Q14789, @735: Fetching url https://alphafold.ebi.ac.uk/files/AF-Q14789-F1-model_v4.cif failed:
HTTP Error 404: Not Found"
O60281,"ALPHAFOLD Error in O60281, @1602: Fetching url https://alphafold.ebi.ac.uk/files/AF-O60281-F1-model_v4.cif failed:
HTTP Error 404: Not Found"
O75445,"ALPHAFOLD Error in O75445, @1494: Fetching url https://alphafold.ebi.ac.uk/files/AF-O75445-F1-model_v4.cif failed:
HTTP Error 404: Not Found"
Q75N90,"ALPHAFOLD Error in Q75N90, @1491: Fetching url https://alphafold.ebi.ac.uk/files/AF-Q75N90-F1-model_v4.cif failed:
HTTP Error 404: Not Found"
P04114,"ALPHAFOLD Error in P04114, @4170: Fetching url https://alphafold.ebi.ac.uk/files/AF-P04114-F1-model_v4.cif failed:
HTTP Error 404: Not Found"
Q96PZ7,"ALPHAFOLD Error in Q96PZ7, @2781: Fetching url https://alphafold.ebi.ac.uk/files/AF-Q96PZ7-F1-model_v4.cif failed:
HTTP Error 404: Not Found"
P51587,"ALPHAFOLD Error in P51587, @1721: Fetching url https://alphafold.ebi.ac.uk/files/AF-P51587-F1-model_v4.cif failed:
HTTP Error 404: Not Found"
Q7Z407,"ALPHAFOLD Error in Q7Z407, @48: Fetching url https://alphafold.ebi.ac.uk/files/AF-Q7Z407-F1-model_v4.cif failed:
HTTP Error 404: Not Found"
Q07954,"ALPHAFOLD Error in Q07954, @4056: Fetching url https://alphafold.ebi.ac.uk/files/AF-Q07954-F1-model_v4.cif failed:
HTTP Error 404: Not Found"
Q9Y520,"ALPHAFOLD Error in Q9Y520, @1485: Fetching url https://alphafold.ebi.ac.uk/files/AF-Q9Y520-F1-model_v4.cif failed:
HTTP Error 404: Not Found"
Q6V0I7,"ALPHAFOLD Error in Q6V0I7, @775: Fetching url https://alphafold.ebi.ac.uk/files/AF-Q6V0I7-F1-model_v4.cif failed:
HTTP Error 404: Not Found"
Q8WXG9,"ALPHAFOLD Error in Q8WXG9, @396: Fetching url https://alphafold.ebi.ac.uk/files/AF-Q8WXG9-F1-model_v4.cif failed:
HTTP Error 404: Not Found"
Q14643,"ALPHAFOLD Error in Q14643, @119: Fetching url https://alphafold.ebi.ac.uk/files/AF-Q14643-F1-model_v4.cif failed:
HTTP Error 404: Not Found"
Q96RW7,"ALPHAFOLD Error in Q96RW7, @693: Fetching url https://alphafold.ebi.ac.uk/files/AF-Q96RW7-F1-model_v4.cif failed:
HTTP Error 404: Not Found"
Q6V0I7,"ALPHAFOLD Error in Q6V0I7, @3272: Fetching url https://alphafold.ebi.ac.uk/files/AF-Q6V0I7-F1-model_v4.cif failed:
HTTP Error 404: Not Found"
Q16787,"ALPHAFOLD Error in Q16787, @619: Fetching url https://alphafold.ebi.ac.uk/files/AF-Q16787-F1-model_v4.cif failed:
HTTP Error 404: Not Found"
Q9UPN3,"ALPHAFOLD Error in Q9UPN3, @926: Fetching url https://alphafold.ebi.ac.uk/files/AF-Q9UPN3-F1-model_v4.cif failed:
HTTP Error 404: Not Found"
Q9NR99,"ALPHAFOLD Error in Q9NR99, @633: Fetching url https://alphafold.ebi.ac.uk/files/AF-Q9NR99-F1-model_v4.cif failed:
HTTP Error 404: Not Found"
Q5T1H1,"ALPHAFOLD Error in Q5T1H1, @1658: Fetching url https://alphafold.ebi.ac.uk/files/AF-Q5T1H1-F1-model_v4.cif failed:
HTTP Error 404: Not Found"
O60494,"ALPHAFOLD Error in O60494, @1640: Fetching url https://alphafold.ebi.ac.uk/files/AF-O60494-F1-model_v4.cif failed:
HTTP Error 404: Not Found"
Q9Y520,"ALPHAFOLD Error in Q9Y520, @1653: Fetching url https://alphafold.ebi.ac.uk/files/AF-Q9Y520-F1-model_v4.cif failed:
HTTP Error 404: Not Found"
Q9P2P6,"ALPHAFOLD Error in Q9P2P6, @4583: Fetching url https://alphafold.ebi.ac.uk/files/AF-Q9P2P6-F1-model_v4.cif failed:
HTTP Error 404: Not Found"
Q9H799,"ALPHAFOLD Error in Q9H799, @183: Fetching url https://alphafold.ebi.ac.uk/files/AF-Q9H799-F1-model_v4.cif failed:
HTTP Error 404: Not Found"
P98164,"ALPHAFOLD Error in P98164, @1993: Fetching url https://alphafold.ebi.ac.uk/files/AF-P98164-F1-model_v4.cif failed:
HTTP Error 404: Not Found"
Q9P225,"ALPHAFOLD Error in Q9P225, @4300: Fetching url https://alphafold.ebi.ac.uk/files/AF-Q9P225-F1-model_v4.cif failed:
HTTP Error 404: Not Found"
Q8IVF2,"ALPHAFOLD Error in Q8IVF2, @1723: Fetching url https://alphafold.ebi.ac.uk/files/AF-Q8IVF2-F1-model_v4.cif failed:
HTTP Error 404: Not Found"
Q8TDJ6,"ALPHAFOLD Error in Q8TDJ6, @776: Fetching url https://alphafold.ebi.ac.uk/files/AF-Q8TDJ6-F1-model_v4.cif failed:
HTTP Error 404: Not Found"
Q96N23,"ALPHAFOLD Error in Q96N23, @2254: Fetching url https://alphafold.ebi.ac.uk/files/AF-Q96N23-F1-model_v4.cif failed:
HTTP Error 404: Not Found"
P49792,"ALPHAFOLD Error in P49792, @148: Fetching url https://alphafold.ebi.ac.uk/files/AF-P49792-F1-model_v4.cif failed:
HTTP Error 404: Not Found"
Q9P2D7,"ALPHAFOLD Error in Q9P2D7, @4236: Fetching url https://alphafold.ebi.ac.uk/files/AF-Q9P2D7-F1-model_v4.cif failed:
HTTP Error 404: Not Found"
Q9Y6V0,"ALPHAFOLD Error in Q9Y6V0, @2854: Fetching url https://alphafold.ebi.ac.uk/files/AF-Q9Y6V0-F1-model_v4.cif failed:
HTTP Error 404: Not Found"
O95613,"ALPHAFOLD Error in O95613, @110: Fetching url https://alphafold.ebi.ac.uk/files/AF-O95613-F1-model_v4.cif failed:
HTTP Error 404: Not Found"
Q15413,"ALPHAFOLD Error in Q15413, @3747: Fetching url https://alphafold.ebi.ac.uk/files/AF-Q15413-F1-model_v4.cif failed:
HTTP Error 404: Not Found"
P24043,"ALPHAFOLD Error in P24043, @2893: Fetching url https://alphafold.ebi.ac.uk/files/AF-P24043-F1-model_v4.cif failed:
HTTP Error 404: Not Found"
P98088,"ALPHAFOLD Error in P98088, @575: Fetching url https://alphafold.ebi.ac.uk/files/AF-P98088-F1-model_v4.cif failed:
HTTP Error 404: Not Found"
Q5CZC0,"ALPHAFOLD Error in Q5CZC0, @2998: Fetching url https://alphafold.ebi.ac.uk/files/AF-Q5CZC0-F1-model_v4.cif failed:
HTTP Error 404: Not Found"
Q9NZR2,"ALPHAFOLD Error in Q9NZR2, @2575: Fetching url https://alphafold.ebi.ac.uk/files/AF-Q9NZR2-F1-model_v4.cif failed:
HTTP Error 404: Not Found"
Q9P225,"ALPHAFOLD Error in Q9P225, @2302: Fetching url https://alphafold.ebi.ac.uk/files/AF-Q9P225-F1-model_v4.cif failed:
HTTP Error 404: Not Found"
Q14789,"ALPHAFOLD Error in Q14789, @817: Fetching url https://alphafold.ebi.ac.uk/files/AF-Q14789-F1-model_v4.cif failed:
HTTP Error 404: Not Found"
P98088,"ALPHAFOLD Error in P98088, @237: Fetching url https://alphafold.ebi.ac.uk/files/AF-P98088-F1-model_v4.cif failed:
HTTP Error 404: Not Found"
O95714,"ALPHAFOLD Error in O95714, @3464: Fetching url https://alphafold.ebi.ac.uk/files/AF-O95714-F1-model_v4.cif failed:
HTTP Error 404: Not Found"
Q75N90,"ALPHAFOLD Error in Q75N90, @1644: Fetching url https://alphafold.ebi.ac.uk/files/AF-Q75N90-F1-model_v4.cif failed:
HTTP Error 404: Not Found"
Q8TDX9,"ALPHAFOLD Error in Q8TDX9, @1306: Fetching url https://alphafold.ebi.ac.uk/files/AF-Q8TDX9-F1-model_v4.cif failed:
HTTP Error 404: Not Found"
Q709C8,"ALPHAFOLD Error in Q709C8, @1496: Fetching url https://alphafold.ebi.ac.uk/files/AF-Q709C8-F1-model_v4.cif failed:
HTTP Error 404: Not Found"
P35555,"ALPHAFOLD Error in P35555, @2791: Fetching url https://alphafold.ebi.ac.uk/files/AF-P35555-F1-model_v4.cif failed:
HTTP Error 404: Not Found"
P35556,"ALPHAFOLD Error in P35556, @1414: Fetching url https://alphafold.ebi.ac.uk/files/AF-P35556-F1-model_v4.cif failed:
HTTP Error 404: Not Found"
Q8TD26,"ALPHAFOLD Error in Q8TD26, @730: Fetching url https://alphafold.ebi.ac.uk/files/AF-Q8TD26-F1-model_v4.cif failed:
HTTP Error 404: Not Found"
Q9Y6V0,"ALPHAFOLD Error in Q9Y6V0, @5130: Fetching url https://alphafold.ebi.ac.uk/files/AF-Q9Y6V0-F1-model_v4.cif failed:
HTTP Error 404: Not Found"
Q8TD57,"ALPHAFOLD Error in Q8TD57, @2743: Fetching url https://alphafold.ebi.ac.uk/files/AF-Q8TD57-F1-model_v4.cif failed:
HTTP Error 404: Not Found"
Q63HN8,"ALPHAFOLD Error in Q63HN8, @776: Fetching url https://alphafold.ebi.ac.uk/files/AF-Q63HN8-F1-model_v4.cif failed:
HTTP Error 404: Not Found"
Q4G0P3,"ALPHAFOLD Error in Q4G0P3, @1166: Fetching url https://alphafold.ebi.ac.uk/files/AF-Q4G0P3-F1-model_v4.cif failed:
HTTP Error 404: Not Found"
Q68DQ2,"ALPHAFOLD Error in Q68DQ2, @2509: Fetching url https://alphafold.ebi.ac.uk/files/AF-Q68DQ2-F1-model_v4.cif failed:
HTTP Error 404: Not Found"
Q8IZT6,"ALPHAFOLD Error in Q8IZT6, @853: Fetching url https://alphafold.ebi.ac.uk/files/AF-Q8IZT6-F1-model_v4.cif failed:
HTTP Error 404: Not Found"
O15417,"ALPHAFOLD Error in O15417, @430: Fetching url https://alphafold.ebi.ac.uk/files/AF-O15417-F1-model_v4.cif failed:
HTTP Error 404: Not Found"
Q14571,"ALPHAFOLD Error in Q14571, @1227: Fetching url https://alphafold.ebi.ac.uk/files/AF-Q14571-F1-model_v4.cif failed:
HTTP Error 404: Not Found"
O60494,"ALPHAFOLD Error in O60494, @2496: Fetching url https://alphafold.ebi.ac.uk/files/AF-O60494-F1-model_v4.cif failed:
HTTP Error 404: Not Found"
P98164,"ALPHAFOLD Error in P98164, @3211: Fetching url https://alphafold.ebi.ac.uk/files/AF-P98164-F1-model_v4.cif failed:
HTTP Error 404: Not Found"
Q8WUY3,"ALPHAFOLD Error in Q8WUY3, @1040: Fetching url https://alphafold.ebi.ac.uk/files/AF-Q8WUY3-F1-model_v4.cif failed:
HTTP Error 404: Not Found"
Q8WXG9,"ALPHAFOLD Error in Q8WXG9, @1225: Fetching url https://alphafold.ebi.ac.uk/files/AF-Q8WXG9-F1-model_v4.cif failed:
HTTP Error 404: Not Found"
Q9Y520,"ALPHAFOLD Error in Q9Y520, @2064: Fetching url https://alphafold.ebi.ac.uk/files/AF-Q9Y520-F1-model_v4.cif failed:
HTTP Error 404: Not Found"
Q9UKZ4,"ALPHAFOLD Error in Q9UKZ4, @2713: Fetching url https://alphafold.ebi.ac.uk/files/AF-Q9UKZ4-F1-model_v4.cif failed:
HTTP Error 404: Not Found"
Q9UKZ4,"ALPHAFOLD Error in Q9UKZ4, @1795: Fetching url https://alphafold.ebi.ac.uk/files/AF-Q9UKZ4-F1-model_v4.cif failed:
HTTP Error 404: Not Found"
O60494,"ALPHAFOLD Error in O60494, @3: Fetching url https://alphafold.ebi.ac.uk/files/AF-O60494-F1-model_v4.cif failed:
HTTP Error 404: Not Found"
P15822,"ALPHAFOLD Error in P15822, @24: Fetching url https://alphafold.ebi.ac.uk/files/AF-P15822-F1-model_v4.cif failed:
HTTP Error 404: Not Found"
O15230,"ALPHAFOLD Error in O15230, @2423: Fetching url https://alphafold.ebi.ac.uk/files/AF-O15230-F1-model_v4.cif failed:
HTTP Error 404: Not Found"
Q7Z7G8,"ALPHAFOLD Error in Q7Z7G8, @3129: Fetching url https://alphafold.ebi.ac.uk/files/AF-Q7Z7G8-F1-model_v4.cif failed:
HTTP Error 404: Not Found"
P50851,"ALPHAFOLD Error in P50851, @1025: Fetching url https://alphafold.ebi.ac.uk/files/AF-P50851-F1-model_v4.cif failed:
HTTP Error 404: Not Found"
O94915,"ALPHAFOLD Error in O94915, @2692: Fetching url https://alphafold.ebi.ac.uk/files/AF-O94915-F1-model_v4.cif failed:
HTTP Error 404: Not Found"
Q96RW7,"ALPHAFOLD Error in Q96RW7, @4308: Fetching url https://alphafold.ebi.ac.uk/files/AF-Q96RW7-F1-model_v4.cif failed:
HTTP Error 404: Not Found"
Q9H799,"ALPHAFOLD Error in Q9H799, @1057: Fetching url https://alphafold.ebi.ac.uk/files/AF-Q9H799-F1-model_v4.cif failed:
HTTP Error 404: Not Found"
Q9UFH2,"ALPHAFOLD Error in Q9UFH2, @707: Fetching url https://alphafold.ebi.ac.uk/files/AF-Q9UFH2-F1-model_v4.cif failed:
HTTP Error 404: Not Found"
P49792,"ALPHAFOLD Error in P49792, @1153: Fetching url https://alphafold.ebi.ac.uk/files/AF-P49792-F1-model_v4.cif failed:
HTTP Error 404: Not Found"
Q96RL7,"ALPHAFOLD Error in Q96RL7, @2058: Fetching url https://alphafold.ebi.ac.uk/files/AF-Q96RL7-F1-model_v4.cif failed:
HTTP Error 404: Not Found"
Q6ZR08,"ALPHAFOLD Error in Q6ZR08, @203: Fetching url https://alphafold.ebi.ac.uk/files/AF-Q6ZR08-F1-model_v4.cif failed:
HTTP Error 404: Not Found"
O60673,"ALPHAFOLD Error in O60673, @476: Fetching url https://alphafold.ebi.ac.uk/files/AF-O60673-F1-model_v4.cif failed:
HTTP Error 404: Not Found"
Q7Z7M0,"ALPHAFOLD Error in Q7Z7M0, @1990: Fetching url https://alphafold.ebi.ac.uk/files/AF-Q7Z7M0-F1-model_v4.cif failed:
HTTP Error 404: Not Found"
Q15751,"ALPHAFOLD Error in Q15751, @236: Fetching url https://alphafold.ebi.ac.uk/files/AF-Q15751-F1-model_v4.cif failed:
HTTP Error 404: Not Found"
Q15413,"ALPHAFOLD Error in Q15413, @3696: Fetching url https://alphafold.ebi.ac.uk/files/AF-Q15413-F1-model_v4.cif failed:
HTTP Error 404: Not Found"
P25054,"ALPHAFOLD Error in P25054, @2810: Fetching url https://alphafold.ebi.ac.uk/files/AF-P25054-F1-model_v4.cif failed:
HTTP Error 404: Not Found"
O60229,"ALPHAFOLD Error in O60229, @2455: Fetching url https://alphafold.ebi.ac.uk/files/AF-O60229-F1-model_v4.cif failed:
HTTP Error 404: Not Found"
Q8TCU4,"ALPHAFOLD Error in Q8TCU4, @3040: Fetching url https://alphafold.ebi.ac.uk/files/AF-Q8TCU4-F1-model_v4.cif failed:
HTTP Error 404: Not Found"
Q5CZC0,"ALPHAFOLD Error in Q5CZC0, @5637: Fetching url https://alphafold.ebi.ac.uk/files/AF-Q5CZC0-F1-model_v4.cif failed:
HTTP Error 404: Not Found"
Q15413,"ALPHAFOLD Error in Q15413, @3276: Fetching url https://alphafold.ebi.ac.uk/files/AF-Q15413-F1-model_v4.cif failed:
HTTP Error 404: Not Found"
Q14517,"ALPHAFOLD Error in Q14517, @3224: Fetching url https://alphafold.ebi.ac.uk/files/AF-Q14517-F1-model_v4.cif failed:
HTTP Error 404: Not Found"
Q8TDJ6,"ALPHAFOLD Error in Q8TDJ6, @2573: Fetching url https://alphafold.ebi.ac.uk/files/AF-Q8TDJ6-F1-model_v4.cif failed:
HTTP Error 404: Not Found"
Q9NZR2,"ALPHAFOLD Error in Q9NZR2, @1428: Fetching url https://alphafold.ebi.ac.uk/files/AF-Q9NZR2-F1-model_v4.cif failed:
HTTP Error 404: Not Found"
P46939,"ALPHAFOLD Error in P46939, @801: Fetching url https://alphafold.ebi.ac.uk/files/AF-P46939-F1-model_v4.cif failed:
HTTP Error 404: Not Found"
Q96DT5,"ALPHAFOLD Error in Q96DT5, @2188: Fetching url https://alphafold.ebi.ac.uk/files/AF-Q96DT5-F1-model_v4.cif failed:
HTTP Error 404: Not Found"
Q6ZTR5,"ALPHAFOLD Error in Q6ZTR5, @764: Fetching url https://alphafold.ebi.ac.uk/files/AF-Q6ZTR5-F1-model_v4.cif failed:
HTTP Error 404: Not Found"
P78559,"ALPHAFOLD Error in P78559, @233: Fetching url https://alphafold.ebi.ac.uk/files/AF-P78559-F1-model_v4.cif failed:
HTTP Error 404: Not Found"
Q96RW7,"ALPHAFOLD Error in Q96RW7, @2802: Fetching url https://alphafold.ebi.ac.uk/files/AF-Q96RW7-F1-model_v4.cif failed:
HTTP Error 404: Not Found"
P98088,"ALPHAFOLD Error in P98088, @1675: Fetching url https://alphafold.ebi.ac.uk/files/AF-P98088-F1-model_v4.cif failed:
HTTP Error 404: Not Found"
Q86YZ3,"ALPHAFOLD Error in Q86YZ3, @183: Fetching url https://alphafold.ebi.ac.uk/files/AF-Q86YZ3-F1-model_v4.cif failed:
HTTP Error 404: Not Found"
Q5THJ4,"ALPHAFOLD Error in Q5THJ4, @1358: Fetching url https://alphafold.ebi.ac.uk/files/AF-Q5THJ4-F1-model_v4.cif failed:
HTTP Error 404: Not Found"
Q8IZT6,"ALPHAFOLD Error in Q8IZT6, @394: Fetching url https://alphafold.ebi.ac.uk/files/AF-Q8IZT6-F1-model_v4.cif failed:
HTTP Error 404: Not Found"
P78509,"ALPHAFOLD Error in P78509, @122: Fetching url https://alphafold.ebi.ac.uk/files/AF-P78509-F1-model_v4.cif failed:
HTTP Error 404: Not Found"
Q9BXT5,"ALPHAFOLD Error in Q9BXT5, @2569: Fetching url https://alphafold.ebi.ac.uk/files/AF-Q9BXT5-F1-model_v4.cif failed:
HTTP Error 404: Not Found"
Q8NEZ4,"ALPHAFOLD Error in Q8NEZ4, @3982: Fetching url https://alphafold.ebi.ac.uk/files/AF-Q8NEZ4-F1-model_v4.cif failed:
HTTP Error 404: Not Found"
Q8TDX9,"ALPHAFOLD Error in Q8TDX9, @376: Fetching url https://alphafold.ebi.ac.uk/files/AF-Q8TDX9-F1-model_v4.cif failed:
HTTP Error 404: Not Found"
Q8WUY3,"ALPHAFOLD Error in Q8WUY3, @2558: Fetching url https://alphafold.ebi.ac.uk/files/AF-Q8WUY3-F1-model_v4.cif failed:
HTTP Error 404: Not Found"
Q9NYQ8,"ALPHAFOLD Error in Q9NYQ8, @1866: Fetching url https://alphafold.ebi.ac.uk/files/AF-Q9NYQ8-F1-model_v4.cif failed:
HTTP Error 404: Not Found"
P49792,"ALPHAFOLD Error in P49792, @1690: Fetching url https://alphafold.ebi.ac.uk/files/AF-P49792-F1-model_v4.cif failed:
HTTP Error 404: Not Found"
Q6ZTR5,"ALPHAFOLD Error in Q6ZTR5, @1376: Fetching url https://alphafold.ebi.ac.uk/files/AF-Q6ZTR5-F1-model_v4.cif failed:
HTTP Error 404: Not Found"
O75445,"ALPHAFOLD Error in O75445, @960: Fetching url https://alphafold.ebi.ac.uk/files/AF-O75445-F1-model_v4.cif failed:
HTTP Error 404: Not Found"
P08F94,"ALPHAFOLD Error in P08F94, @680: Fetching url https://alphafold.ebi.ac.uk/files/AF-P08F94-F1-model_v4.cif failed:
HTTP Error 404: Not Found"
P08F94,"ALPHAFOLD Error in P08F94, @3586: Fetching url https://alphafold.ebi.ac.uk/files/AF-P08F94-F1-model_v4.cif failed:
HTTP Error 404: Not Found"
P04114,"ALPHAFOLD Error in P04114, @1523: Fetching url https://alphafold.ebi.ac.uk/files/AF-P04114-F1-model_v4.cif failed:
HTTP Error 404: Not Found"
Q9NZR2,"ALPHAFOLD Error in Q9NZR2, @1400: Fetching url https://alphafold.ebi.ac.uk/files/AF-Q9NZR2-F1-model_v4.cif failed:
HTTP Error 404: Not Found"
Q9Y485,"ALPHAFOLD Error in Q9Y485, @2352: Fetching url https://alphafold.ebi.ac.uk/files/AF-Q9Y485-F1-model_v4.cif failed:
HTTP Error 404: Not Found"
Q5T1H1,"ALPHAFOLD Error in Q5T1H1, @3144: Fetching url https://alphafold.ebi.ac.uk/files/AF-Q5T1H1-F1-model_v4.cif failed:
HTTP Error 404: Not Found"
Q6ZR08,"ALPHAFOLD Error in Q6ZR08, @261: Fetching url https://alphafold.ebi.ac.uk/files/AF-Q6ZR08-F1-model_v4.cif failed:
HTTP Error 404: Not Found"
P12111,"ALPHAFOLD Error in P12111, @2324: Fetching url https://alphafold.ebi.ac.uk/files/AF-P12111-F1-model_v4.cif failed:
HTTP Error 404: Not Found"
O94915,"ALPHAFOLD Error in O94915, @1098: Fetching url https://alphafold.ebi.ac.uk/files/AF-O94915-F1-model_v4.cif failed:
HTTP Error 404: Not Found"
Q9HCU4,"ALPHAFOLD Error in Q9HCU4, @1032: Fetching url https://alphafold.ebi.ac.uk/files/AF-Q9HCU4-F1-model_v4.cif failed:
HTTP Error 404: Not Found"
Q8IZQ1,"ALPHAFOLD Error in Q8IZQ1, @380: Fetching url https://alphafold.ebi.ac.uk/files/AF-Q8IZQ1-F1-model_v4.cif failed:
HTTP Error 404: Not Found"
Q8TDJ6,"ALPHAFOLD Error in Q8TDJ6, @902: Fetching url https://alphafold.ebi.ac.uk/files/AF-Q8TDJ6-F1-model_v4.cif failed:
HTTP Error 404: Not Found"
Q8NEZ4,"ALPHAFOLD Error in Q8NEZ4, @3538: Fetching url https://alphafold.ebi.ac.uk/files/AF-Q8NEZ4-F1-model_v4.cif failed:
HTTP Error 404: Not Found"
Q5T4S7,"ALPHAFOLD Error in Q5T4S7, @1528: Fetching url https://alphafold.ebi.ac.uk/files/AF-Q5T4S7-F1-model_v4.cif failed:
HTTP Error 404: Not Found"
P50851,"ALPHAFOLD Error in P50851, @2049: Fetching url https://alphafold.ebi.ac.uk/files/AF-P50851-F1-model_v4.cif failed:
HTTP Error 404: Not Found"
Q5VST9,"ALPHAFOLD Error in Q5VST9, @5453: Fetching url https://alphafold.ebi.ac.uk/files/AF-Q5VST9-F1-model_v4.cif failed:
HTTP Error 404: Not Found"
Q5T4S7,"ALPHAFOLD Error in Q5T4S7, @5180: Fetching url https://alphafold.ebi.ac.uk/files/AF-Q5T4S7-F1-model_v4.cif failed:
HTTP Error 404: Not Found"
O75445,"ALPHAFOLD Error in O75445, @3047: Fetching url https://alphafold.ebi.ac.uk/files/AF-O75445-F1-model_v4.cif failed:
HTTP Error 404: Not Found"
Q96RW7,"ALPHAFOLD Error in Q96RW7, @1303: Fetching url https://alphafold.ebi.ac.uk/files/AF-Q96RW7-F1-model_v4.cif failed:
HTTP Error 404: Not Found"
P11532,"ALPHAFOLD Error in P11532, @2135: Fetching url https://alphafold.ebi.ac.uk/files/AF-P11532-F1-model_v4.cif failed:
HTTP Error 404: Not Found"
Q8WXI7,"ALPHAFOLD Error in Q8WXI7, @1028: Fetching url https://alphafold.ebi.ac.uk/files/AF-Q8WXI7-F1-model_v4.cif failed:
HTTP Error 404: Not Found"
Q9NZR2,"ALPHAFOLD Error in Q9NZR2, @2881: Fetching url https://alphafold.ebi.ac.uk/files/AF-Q9NZR2-F1-model_v4.cif failed:
HTTP Error 404: Not Found"
Q8WXG9,"ALPHAFOLD Error in Q8WXG9, @3906: Fetching url https://alphafold.ebi.ac.uk/files/AF-Q8WXG9-F1-model_v4.cif failed:
HTTP Error 404: Not Found"
Q8WXH0,"ALPHAFOLD Error in Q8WXH0, @4448: Fetching url https://alphafold.ebi.ac.uk/files/AF-Q8WXH0-F1-model_v4.cif failed:
HTTP Error 404: Not Found"
Q8NF91,"ALPHAFOLD Error in Q8NF91, @835: Fetching url https://alphafold.ebi.ac.uk/files/AF-Q8NF91-F1-model_v4.cif failed:
HTTP Error 404: Not Found"
Q9NR09,"ALPHAFOLD Error in Q9NR09, @887: Fetching url https://alphafold.ebi.ac.uk/files/AF-Q9NR09-F1-model_v4.cif failed:
HTTP Error 404: Not Found"
Q01484,"ALPHAFOLD Error in Q01484, @2047: Fetching url https://alphafold.ebi.ac.uk/files/AF-Q01484-F1-model_v4.cif failed:
HTTP Error 404: Not Found"
Q9H799,"ALPHAFOLD Error in Q9H799, @2990: Fetching url https://alphafold.ebi.ac.uk/files/AF-Q9H799-F1-model_v4.cif failed:
HTTP Error 404: Not Found"
Q9UKZ4,"ALPHAFOLD Error in Q9UKZ4, @186: Fetching url https://alphafold.ebi.ac.uk/files/AF-Q9UKZ4-F1-model_v4.cif failed:
HTTP Error 404: Not Found"
P35555,"ALPHAFOLD Error in P35555, @2609: Fetching url https://alphafold.ebi.ac.uk/files/AF-P35555-F1-model_v4.cif failed:
HTTP Error 404: Not Found"
Q6ZS81,"ALPHAFOLD Error in Q6ZS81, @698: Fetching url https://alphafold.ebi.ac.uk/files/AF-Q6ZS81-F1-model_v4.cif failed:
HTTP Error 404: Not Found"
Q9H251,"ALPHAFOLD Error in Q9H251, @221: Fetching url https://alphafold.ebi.ac.uk/files/AF-Q9H251-F1-model_v4.cif failed:
HTTP Error 404: Not Found"
Q9NYQ7,"ALPHAFOLD Error in Q9NYQ7, @1555: Fetching url https://alphafold.ebi.ac.uk/files/AF-Q9NYQ7-F1-model_v4.cif failed:
HTTP Error 404: Not Found"
O95613,"ALPHAFOLD Error in O95613, @787: Fetching url https://alphafold.ebi.ac.uk/files/AF-O95613-F1-model_v4.cif failed:
HTTP Error 404: Not Found"
O15018,"ALPHAFOLD Error in O15018, @1609: Fetching url https://alphafold.ebi.ac.uk/files/AF-O15018-F1-model_v4.cif failed:
HTTP Error 404: Not Found"
Q68DQ2,"ALPHAFOLD Error in Q68DQ2, @1557: Fetching url https://alphafold.ebi.ac.uk/files/AF-Q68DQ2-F1-model_v4.cif failed:
HTTP Error 404: Not Found"
O14686,"ALPHAFOLD Error in O14686, @35: Fetching url https://alphafold.ebi.ac.uk/files/AF-O14686-F1-model_v4.cif failed:
HTTP Error 404: Not Found"
Q9UKZ4,"ALPHAFOLD Error in Q9UKZ4, @1647: Fetching url https://alphafold.ebi.ac.uk/files/AF-Q9UKZ4-F1-model_v4.cif failed:
HTTP Error 404: Not Found"
Q6ZQQ6,"ALPHAFOLD Error in Q6ZQQ6, @834: Fetching url https://alphafold.ebi.ac.uk/files/AF-Q6ZQQ6-F1-model_v4.cif failed:
HTTP Error 404: Not Found"
P25054,"ALPHAFOLD Error in P25054, @1300: Fetching url https://alphafold.ebi.ac.uk/files/AF-P25054-F1-model_v4.cif failed:
HTTP Error 404: Not Found"
Q8WXH0,"ALPHAFOLD Error in Q8WXH0, @6033: Fetching url https://alphafold.ebi.ac.uk/files/AF-Q8WXH0-F1-model_v4.cif failed:
HTTP Error 404: Not Found"
P98088,"ALPHAFOLD Error in P98088, @2028: Fetching url https://alphafold.ebi.ac.uk/files/AF-P98088-F1-model_v4.cif failed:
HTTP Error 404: Not Found"
Q02224,"ALPHAFOLD Error in Q02224, @821: Fetching url https://alphafold.ebi.ac.uk/files/AF-Q02224-F1-model_v4.cif failed:
HTTP Error 404: Not Found"
Q8NEZ4,"ALPHAFOLD Error in Q8NEZ4, @2741: Fetching url https://alphafold.ebi.ac.uk/files/AF-Q8NEZ4-F1-model_v4.cif failed:
HTTP Error 404: Not Found"
P21817,"ALPHAFOLD Error in P21817, @3844: Fetching url https://alphafold.ebi.ac.uk/files/AF-P21817-F1-model_v4.cif failed:
HTTP Error 404: Not Found"
Q5THJ4,"ALPHAFOLD Error in Q5THJ4, @743: Fetching url https://alphafold.ebi.ac.uk/files/AF-Q5THJ4-F1-model_v4.cif failed:
HTTP Error 404: Not Found"
Q8IZT6,"ALPHAFOLD Error in Q8IZT6, @2616: Fetching url https://alphafold.ebi.ac.uk/files/AF-Q8IZT6-F1-model_v4.cif failed:
HTTP Error 404: Not Found"
Q9P225,"ALPHAFOLD Error in Q9P225, @2721: Fetching url https://alphafold.ebi.ac.uk/files/AF-Q9P225-F1-model_v4.cif failed:
HTTP Error 404: Not Found"
Q14204,"ALPHAFOLD Error in Q14204, @3237: Fetching url https://alphafold.ebi.ac.uk/files/AF-Q14204-F1-model_v4.cif failed:
HTTP Error 404: Not Found"
Q86XX4,"ALPHAFOLD Error in Q86XX4, @3741: Fetching url https://alphafold.ebi.ac.uk/files/AF-Q86XX4-F1-model_v4.cif failed:
HTTP Error 404: Not Found"
P78509,"ALPHAFOLD Error in P78509, @1448: Fetching url https://alphafold.ebi.ac.uk/files/AF-P78509-F1-model_v4.cif failed:
HTTP Error 404: Not Found"
P20929,"ALPHAFOLD Error in P20929, @3911: Fetching url https://alphafold.ebi.ac.uk/files/AF-P20929-F1-model_v4.cif failed:
HTTP Error 404: Not Found"
Q86UQ4,"ALPHAFOLD Error in Q86UQ4, @4163: Fetching url https://alphafold.ebi.ac.uk/files/AF-Q86UQ4-F1-model_v4.cif failed:
HTTP Error 404: Not Found"
Q03001,"ALPHAFOLD Error in Q03001, @5098: Fetching url https://alphafold.ebi.ac.uk/files/AF-Q03001-F1-model_v4.cif failed:
HTTP Error 404: Not Found"
Q12830,"ALPHAFOLD Error in Q12830, @1576: Fetching url https://alphafold.ebi.ac.uk/files/AF-Q12830-F1-model_v4.cif failed:
HTTP Error 404: Not Found"
Q8TDW7,"ALPHAFOLD Error in Q8TDW7, @1334: Fetching url https://alphafold.ebi.ac.uk/files/AF-Q8TDW7-F1-model_v4.cif failed:
HTTP Error 404: Not Found"
Q8IZQ1,"ALPHAFOLD Error in Q8IZQ1, @578: Fetching url https://alphafold.ebi.ac.uk/files/AF-Q8IZQ1-F1-model_v4.cif failed:
HTTP Error 404: Not Found"
Q5CZC0,"ALPHAFOLD Error in Q5CZC0, @688: Fetching url https://alphafold.ebi.ac.uk/files/AF-Q5CZC0-F1-model_v4.cif failed:
HTTP Error 404: Not Found"
Q8TD57,"ALPHAFOLD Error in Q8TD57, @2463: Fetching url https://alphafold.ebi.ac.uk/files/AF-Q8TD57-F1-model_v4.cif failed:
HTTP Error 404: Not Found"
Q9UKN7,"ALPHAFOLD Error in Q9UKN7, @2359: Fetching url https://alphafold.ebi.ac.uk/files/AF-Q9UKN7-F1-model_v4.cif failed:
HTTP Error 404: Not Found"
Q96JQ0,"ALPHAFOLD Error in Q96JQ0, @574: Fetching url https://alphafold.ebi.ac.uk/files/AF-Q96JQ0-F1-model_v4.cif failed:
HTTP Error 404: Not Found"
Q9NYQ7,"ALPHAFOLD Error in Q9NYQ7, @797: Fetching url https://alphafold.ebi.ac.uk/files/AF-Q9NYQ7-F1-model_v4.cif failed:
HTTP Error 404: Not Found"
Q4G0P3,"ALPHAFOLD Error in Q4G0P3, @2080: Fetching url https://alphafold.ebi.ac.uk/files/AF-Q4G0P3-F1-model_v4.cif failed:
HTTP Error 404: Not Found"
Q03001,"ALPHAFOLD Error in Q03001, @566: Fetching url https://alphafold.ebi.ac.uk/files/AF-Q03001-F1-model_v4.cif failed:
HTTP Error 404: Not Found"
Q15413,"ALPHAFOLD Error in Q15413, @4225: Fetching url https://alphafold.ebi.ac.uk/files/AF-Q15413-F1-model_v4.cif failed:
HTTP Error 404: Not Found"
O60673,"ALPHAFOLD Error in O60673, @1485: Fetching url https://alphafold.ebi.ac.uk/files/AF-O60673-F1-model_v4.cif failed:
HTTP Error 404: Not Found"
Q8IYW2,"ALPHAFOLD Error in Q8IYW2, @746: Fetching url https://alphafold.ebi.ac.uk/files/AF-Q8IYW2-F1-model_v4.cif failed:
HTTP Error 404: Not Found"
Q8TD57,"ALPHAFOLD Error in Q8TD57, @3642: Fetching url https://alphafold.ebi.ac.uk/files/AF-Q8TD57-F1-model_v4.cif failed:
HTTP Error 404: Not Found"
Q8TE73,"ALPHAFOLD Error in Q8TE73, @3985: Fetching url https://alphafold.ebi.ac.uk/files/AF-Q8TE73-F1-model_v4.cif failed:
HTTP Error 404: Not Found"
P49454,"ALPHAFOLD Error in P49454, @2612: Fetching url https://alphafold.ebi.ac.uk/files/AF-P49454-F1-model_v4.cif failed:
HTTP Error 404: Not Found"
Q9NYQ6,"ALPHAFOLD Error in Q9NYQ6, @1109: Fetching url https://alphafold.ebi.ac.uk/files/AF-Q9NYQ6-F1-model_v4.cif failed:
HTTP Error 404: Not Found"
Q9NZR2,"ALPHAFOLD Error in Q9NZR2, @1111: Fetching url https://alphafold.ebi.ac.uk/files/AF-Q9NZR2-F1-model_v4.cif failed:
HTTP Error 404: Not Found"
P35556,"ALPHAFOLD Error in P35556, @868: Fetching url https://alphafold.ebi.ac.uk/files/AF-P35556-F1-model_v4.cif failed:
HTTP Error 404: Not Found"
Q9NYQ8,"ALPHAFOLD Error in Q9NYQ8, @605: Fetching url https://alphafold.ebi.ac.uk/files/AF-Q9NYQ8-F1-model_v4.cif failed:
HTTP Error 404: Not Found"
Q9Y6R7,"ALPHAFOLD Error in Q9Y6R7, @5242: Fetching url https://alphafold.ebi.ac.uk/files/AF-Q9Y6R7-F1-model_v4.cif failed:
HTTP Error 404: Not Found"
P24043,"ALPHAFOLD Error in P24043, @80: Fetching url https://alphafold.ebi.ac.uk/files/AF-P24043-F1-model_v4.cif failed:
HTTP Error 404: Not Found"
Q9Y6V0,"ALPHAFOLD Error in Q9Y6V0, @171: Fetching url https://alphafold.ebi.ac.uk/files/AF-Q9Y6V0-F1-model_v4.cif failed:
HTTP Error 404: Not Found"
P98164,"ALPHAFOLD Error in P98164, @2781: Fetching url https://alphafold.ebi.ac.uk/files/AF-P98164-F1-model_v4.cif failed:
HTTP Error 404: Not Found"
Q8NEZ4,"ALPHAFOLD Error in Q8NEZ4, @3835: Fetching url https://alphafold.ebi.ac.uk/files/AF-Q8NEZ4-F1-model_v4.cif failed:
HTTP Error 404: Not Found"
Q13065,"ALPHAFOLD Error in Q13065, @101: Fetching url https://alphafold.ebi.ac.uk/files/AF-Q13065-F1-model_v4.cif failed:
HTTP Error 404: Not Found"
Q5CZC0,"ALPHAFOLD Error in Q5CZC0, @4679: Fetching url https://alphafold.ebi.ac.uk/files/AF-Q5CZC0-F1-model_v4.cif failed:
HTTP Error 404: Not Found"
P08519,"ALPHAFOLD Error in P08519, @1329: Fetching url https://alphafold.ebi.ac.uk/files/AF-P08519-F1-model_v4.cif failed:
HTTP Error 404: Not Found"
O14686,"ALPHAFOLD Error in O14686, @5235: Fetching url https://alphafold.ebi.ac.uk/files/AF-O14686-F1-model_v4.cif failed:
HTTP Error 404: Not Found"
P98160,"ALPHAFOLD Error in P98160, @3060: Fetching url https://alphafold.ebi.ac.uk/files/AF-P98160-F1-model_v4.cif failed:
HTTP Error 404: Not Found"
Q7Z407,"ALPHAFOLD Error in Q7Z407, @2024: Fetching url https://alphafold.ebi.ac.uk/files/AF-Q7Z407-F1-model_v4.cif failed:
HTTP Error 404: Not Found"
Q8N3K9,"ALPHAFOLD Error in Q8N3K9, @806: Fetching url https://alphafold.ebi.ac.uk/files/AF-Q8N3K9-F1-model_v4.cif failed:
HTTP Error 404: Not Found"
O60494,"ALPHAFOLD Error in O60494, @2923: Fetching url https://alphafold.ebi.ac.uk/files/AF-O60494-F1-model_v4.cif failed:
HTTP Error 404: Not Found"
Q5CZC0,"ALPHAFOLD Error in Q5CZC0, @1427: Fetching url https://alphafold.ebi.ac.uk/files/AF-Q5CZC0-F1-model_v4.cif failed:
HTTP Error 404: Not Found"
Q5TBA9,"ALPHAFOLD Error in Q5TBA9, @1485: Fetching url https://alphafold.ebi.ac.uk/files/AF-Q5TBA9-F1-model_v4.cif failed:
HTTP Error 404: Not Found"
P15822,"ALPHAFOLD Error in P15822, @1708: Fetching url https://alphafold.ebi.ac.uk/files/AF-P15822-F1-model_v4.cif failed:
HTTP Error 404: Not Found"
Q9BXT5,"ALPHAFOLD Error in Q9BXT5, @616: Fetching url https://alphafold.ebi.ac.uk/files/AF-Q9BXT5-F1-model_v4.cif failed:
HTTP Error 404: Not Found"
Q6ZTR5,"ALPHAFOLD Error in Q6ZTR5, @1092: Fetching url https://alphafold.ebi.ac.uk/files/AF-Q6ZTR5-F1-model_v4.cif failed:
HTTP Error 404: Not Found"
Q6ZR08,"ALPHAFOLD Error in Q6ZR08, @2579: Fetching url https://alphafold.ebi.ac.uk/files/AF-Q6ZR08-F1-model_v4.cif failed:
HTTP Error 404: Not Found"
Q9Y6R7,"ALPHAFOLD Error in Q9Y6R7, @4859: Fetching url https://alphafold.ebi.ac.uk/files/AF-Q9Y6R7-F1-model_v4.cif failed:
HTTP Error 404: Not Found"
Q8WXH0,"ALPHAFOLD Error in Q8WXH0, @4175: Fetching url https://alphafold.ebi.ac.uk/files/AF-Q8WXH0-F1-model_v4.cif failed:
HTTP Error 404: Not Found"
Q9P225,"ALPHAFOLD Error in Q9P225, @1243: Fetching url https://alphafold.ebi.ac.uk/files/AF-Q9P225-F1-model_v4.cif failed:
HTTP Error 404: Not Found"
Q8NDA2,"ALPHAFOLD Error in Q8NDA2, @4804: Fetching url https://alphafold.ebi.ac.uk/files/AF-Q8NDA2-F1-model_v4.cif failed:
HTTP Error 404: Not Found"
Q8NEZ4,"ALPHAFOLD Error in Q8NEZ4, @2924: Fetching url https://alphafold.ebi.ac.uk/files/AF-Q8NEZ4-F1-model_v4.cif failed:
HTTP Error 404: Not Found"
Q9NR09,"ALPHAFOLD Error in Q9NR09, @3138: Fetching url https://alphafold.ebi.ac.uk/files/AF-Q9NR09-F1-model_v4.cif failed:
HTTP Error 404: Not Found"
P04275,"ALPHAFOLD Error in P04275, @2397: Fetching url https://alphafold.ebi.ac.uk/files/AF-P04275-F1-model_v4.cif failed:
HTTP Error 404: Not Found"
P35556,"ALPHAFOLD Error in P35556, @222: Fetching url https://alphafold.ebi.ac.uk/files/AF-P35556-F1-model_v4.cif failed:
HTTP Error 404: Not Found"
Q8WUY3,"ALPHAFOLD Error in Q8WUY3, @1116: Fetching url https://alphafold.ebi.ac.uk/files/AF-Q8WUY3-F1-model_v4.cif failed:
HTTP Error 404: Not Found"
Q8NF91,"ALPHAFOLD Error in Q8NF91, @2542: Fetching url https://alphafold.ebi.ac.uk/files/AF-Q8NF91-F1-model_v4.cif failed:
HTTP Error 404: Not Found"
P24043,"ALPHAFOLD Error in P24043, @1901: Fetching url https://alphafold.ebi.ac.uk/files/AF-P24043-F1-model_v4.cif failed:
HTTP Error 404: Not Found"
Q8NF91,"ALPHAFOLD Error in Q8NF91, @6447: Fetching url https://alphafold.ebi.ac.uk/files/AF-Q8NF91-F1-model_v4.cif failed:
HTTP Error 404: Not Found"
