Q14315,"ALPHAFOLD Error in Q14315, @393: Fetching url https://alphafold.ebi.ac.uk/files/AF-Q14315-F1-model_v4.cif failed:
HTTP Error 404: Not Found"
Q01484,"ALPHAFOLD Error in Q01484, @1249: Fetching url https://alphafold.ebi.ac.uk/files/AF-Q01484-F1-model_v4.cif failed:
HTTP Error 404: Not Found"
Q15149,"ALPHAFOLD Error in Q15149, @2765: Fetching url https://alphafold.ebi.ac.uk/files/AF-Q15149-F1-model_v4.cif failed:
HTTP Error 404: Not Found"
Q09666,"ALPHAFOLD Error in Q09666, @2366: Fetching url https://alphafold.ebi.ac.uk/files/AF-Q09666-F1-model_v4.cif failed:
HTTP Error 404: Not Found"
P12111,"ALPHAFOLD Error in P12111, @1018: Fetching url https://alphafold.ebi.ac.uk/files/AF-P12111-F1-model_v4.cif failed:
HTTP Error 404: Not Found"
P13611,"ALPHAFOLD Error in P13611, @88: Fetching url https://alphafold.ebi.ac.uk/files/AF-P13611-F1-model_v4.cif failed:
HTTP Error 404: Not Found"
Q15149,"ALPHAFOLD Error in Q15149, @550: Fetching url https://alphafold.ebi.ac.uk/files/AF-Q15149-F1-model_v4.cif failed:
HTTP Error 404: Not Found"
P07203,"ALPHAFOLD Error in P07203, @118: Fetching url https://alphafold.ebi.ac.uk/files/AF-P07203-F1-model_v4.cif failed:
HTTP Error 404: Not Found"
P98160,"ALPHAFOLD Error in P98160, @2604: Fetching url https://alphafold.ebi.ac.uk/files/AF-P98160-F1-model_v4.cif failed:
HTTP Error 404: Not Found"
Q12955,"ALPHAFOLD Error in Q12955, @4251: Fetching url https://alphafold.ebi.ac.uk/files/AF-Q12955-F1-model_v4.cif failed:
HTTP Error 404: Not Found"
Q09666,"ALPHAFOLD Error in Q09666, @3511: Fetching url https://alphafold.ebi.ac.uk/files/AF-Q09666-F1-model_v4.cif failed:
HTTP Error 404: Not Found"
P13611,"ALPHAFOLD Error in P13611, @289: Fetching url https://alphafold.ebi.ac.uk/files/AF-P13611-F1-model_v4.cif failed:
HTTP Error 404: Not Found"
Q09666,"ALPHAFOLD Error in Q09666, @4964: Fetching url https://alphafold.ebi.ac.uk/files/AF-Q09666-F1-model_v4.cif failed:
HTTP Error 404: Not Found"
P98160,"ALPHAFOLD Error in P98160, @2121: Fetching url https://alphafold.ebi.ac.uk/files/AF-P98160-F1-model_v4.cif failed:
HTTP Error 404: Not Found"
P13611,"ALPHAFOLD Error in P13611, @3376: Fetching url https://alphafold.ebi.ac.uk/files/AF-P13611-F1-model_v4.cif failed:
HTTP Error 404: Not Found"
P78559,"ALPHAFOLD Error in P78559, @2078: Fetching url https://alphafold.ebi.ac.uk/files/AF-P78559-F1-model_v4.cif failed:
HTTP Error 404: Not Found"
Q7Z6Z7,"ALPHAFOLD Error in Q7Z6Z7, @1694: Fetching url https://alphafold.ebi.ac.uk/files/AF-Q7Z6Z7-F1-model_v4.cif failed:
HTTP Error 404: Not Found"
P35555,"ALPHAFOLD Error in P35555, @537: Fetching url https://alphafold.ebi.ac.uk/files/AF-P35555-F1-model_v4.cif failed:
HTTP Error 404: Not Found"
Q7Z6Z7,"ALPHAFOLD Error in Q7Z6Z7, @3360: Fetching url https://alphafold.ebi.ac.uk/files/AF-Q7Z6Z7-F1-model_v4.cif failed:
HTTP Error 404: Not Found"
Q09666,"ALPHAFOLD Error in Q09666, @3518: Fetching url https://alphafold.ebi.ac.uk/files/AF-Q09666-F1-model_v4.cif failed:
HTTP Error 404: Not Found"
Q09666,"ALPHAFOLD Error in Q09666, @261: Fetching url https://alphafold.ebi.ac.uk/files/AF-Q09666-F1-model_v4.cif failed:
HTTP Error 404: Not Found"
P15924,"ALPHAFOLD Error in P15924, @2565: Fetching url https://alphafold.ebi.ac.uk/files/AF-P15924-F1-model_v4.cif failed:
HTTP Error 404: Not Found"
Q15149,"ALPHAFOLD Error in Q15149, @4214: Fetching url https://alphafold.ebi.ac.uk/files/AF-Q15149-F1-model_v4.cif failed:
HTTP Error 404: Not Found"
Q14315,"ALPHAFOLD Error in Q14315, @2473: Fetching url https://alphafold.ebi.ac.uk/files/AF-Q14315-F1-model_v4.cif failed:
HTTP Error 404: Not Found"
