Q14315,Error in Q14315@: aa_position not found
Q01484,Error in Q01484@: aa_position not found
Q15149,Error in Q15149@: aa_position not found
Q09666,Error in Q09666@: aa_position not found
P12111,Error in P12111@: aa_position not found
P13611,Error in P13611@: aa_position not found
Q15149,Error in Q15149@: aa_position not found
P07203,Error in P07203@: aa_position not found
P98160,Error in P98160@: aa_position not found
Q12955,Error in Q12955@: aa_position not found
Q09666,Error in Q09666@: aa_position not found
P13611,Error in P13611@: aa_position not found
Q09666,Error in Q09666@: aa_position not found
P98160,Error in P98160@: aa_position not found
P13611,Error in P13611@: aa_position not found
P78559,Error in P78559@: aa_position not found
Q7Z6Z7,Error in Q7Z6Z7@: aa_position not found
P35555,Error in P35555@: aa_position not found
Q7Z6Z7,Error in Q7Z6Z7@: aa_position not found
Q09666,Error in Q09666@: aa_position not found
Q09666,Error in Q09666@: aa_position not found
P15924,Error in P15924@: aa_position not found
Q15149,Error in Q15149@: aa_position not found
Q14315,Error in Q14315@: aa_position not found
