Q13885,"ALL FAILED Error in Q13885, /T@337, tried 1 files"
P08670,"ALL FAILED Error in P08670, /C@427, tried 1 files"
P08238,"ALL FAILED Error in P08238, /A@701, tried 10 files"
P22626,"ALL FAILED Error in P22626, /A@218, tried 30 files"
P26599,"ALL FAILED Error in P26599, /A@161, tried 4 files"
P22626,"ALL FAILED Error in P22626, /A@226, tried 30 files"
P02671,"ALL FAILED Error in P02671, /A@288, tried 4 files"
P08670,"ALL FAILED Error in P08670, /C@422, tried 1 files"
Q15691,"ALL FAILED Error in Q15691, /A@183, tried 2 files"
P35637,"ALL FAILED Error in P35637, /B@467, tried 2 files"
P02671,"ALL FAILED Error in P02671, /A@267, tried 4 files"
P29972,"ALL FAILED Error in P29972, /A@261, tried 13 files"
P09972,"ALL FAILED Error in P09972, /A@361, tried 12 files"
P22626,"ALL FAILED Error in P22626, /A@245, tried 30 files"
P02671,"ALL FAILED Error in P02671, /A@236, tried 4 files"
P09651,"ALL FAILED Error in P09651, /A@245, tried 19 files"
Q02750,"ALL FAILED Error in Q02750, /A@21, tried 10 files"
Q9Y266,"ALL FAILED Error in Q9Y266, /B@134, tried 1 files"
P37837,"ALL FAILED Error in P37837, /A@335, tried 2 files"
O75694,"ALL FAILED Error in O75694, /A@753, tried 1 files"
P02671,"ALL FAILED Error in P02671, /A@556, tried 4 files"
Q9Y696,"ALL FAILED Error in Q9Y696, /A@166, tried 4 files"
Q16555,"ALL FAILED Error in Q16555, /A@533, tried 4 files"
O75533,"ALL FAILED Error in O75533, /u@185, tried 12 files"
P21281,"ALL FAILED Error in P21281, /D@11, tried 9 files"
Q15637,"ALL FAILED Error in Q15637, /D@210, tried 1 files"
Q01484,"ALL FAILED Error in Q01484, /E@1249, tried 2 files"
Q13523,"ALL FAILED Error in Q13523, /K@620, tried 1 files"
P22626,"ALL FAILED Error in P22626, /A@206, tried 30 files"
P22314,"ALL FAILED Error in P22314, /A@44, tried 2 files"
P43003,"ALL FAILED Error in P43003, /A@504, tried 4 files"
Q14194,"ALL FAILED Error in Q14194, /A@533, tried 4 files"
P31943,"ALL FAILED Error in P31943, /A@38, tried 4 files"
Q7Z2W4,"ALL FAILED Error in Q7Z2W4, /A@524, tried 2 files"
P05388,"ALL FAILED Error in P05388, /AK@221, tried 7 files"
P62258,"ALL FAILED Error in P62258, /A@243, tried 7 files"
P55072,"ALL FAILED Error in P55072, /B@800, tried 241 files"
P17302,"ALL FAILED Error in P17302, /A@294, tried 60 files"
P09651,"ALL FAILED Error in P09651, /C@353, tried 20 files"
P09661,"ALL FAILED Error in P09661, /2A@253, tried 8 files"
P08621,"ALL FAILED Error in P08621, /1K@401, tried 2 files"
P07384,"ALL FAILED Error in P07384, /A@504, tried 2 files"
Q8N3U4,"ALL FAILED Error in Q8N3U4, /A@58, tried 3 files"
P55854,"ALL FAILED Error in P55854, /B@14, tried 2 files"
P08567,"ALL FAILED Error in P08567, /A@305, tried 6 files"
O94925,"ALL FAILED Error in O94925, /A@654, tried 8 files"
P13010,"ALL FAILED Error in P13010, /B@593, tried 11 files"
Q9UHD8,"ALL FAILED Error in Q9UHD8, /A@468, tried 8 files"
Q13938,"ALL FAILED Error in Q13938, /A@158, tried 2 files"
P12956,"ALL FAILED Error in P12956, /A@23, tried 25 files"
P08621,"ALL FAILED Error in P08621, /1K@428, tried 2 files"
P17302,"ALL FAILED Error in P17302, /A@269, tried 60 files"
Q9HB90,"ALL FAILED Error in Q9HB90, /G@392, tried 16 files"
Q8NC51,"ALL FAILED Error in Q8NC51, /CD@62, tried 2 files"
Q96C86,"ALL FAILED Error in Q96C86, /A@34, tried 22 files"
P35580,"ALL FAILED Error in P35580, /A@97, tried 4 files"
P41218,"ALL FAILED Error in P41218, /A@230, tried 1 files"
P22314,"ALL FAILED Error in P22314, /A@818, tried 4 files"
Q13263,"ALL FAILED Error in Q13263, /A@101, tried 6 files"
P40121,"ALL FAILED Error in P40121, /A@245, tried 2 files"
Q15149,"ALL FAILED Error in Q15149, /A@550, tried 2 files"
P47897,"ALL FAILED Error in P47897, /A@210, tried 3 files"
Q9Y3B8,"ALL FAILED Error in Q9Y3B8, /A@229, tried 10 files"
Q9HC38,"ALL FAILED Error in Q9HC38, /A@89, tried 1 files"
P02751,"ALL FAILED Error in P02751, /A@1943, tried 2 files"
Q15691,"ALL FAILED Error in Q15691, /A@188, tried 6 files"
Q08209,"ALL FAILED Error in Q08209, /A@508, tried 1 files"
P01764,"ALL FAILED Error in P01764, /A@96, tried 21 files"
Q9BUQ8,"ALL FAILED Error in Q9BUQ8, /5X@226, tried 2 files"
P07203,"ALL FAILED Error in P07203, /A@118, tried 2 files"
O14745,"ALL FAILED Error in O14745, /A@261, tried 2 files"
P61289,"ALL FAILED Error in P61289, /A@106, tried 14 files"
Q9UHD8,"ALL FAILED Error in Q9UHD8, /A@509, tried 8 files"
Q9BXW6,"ALL FAILED Error in Q9BXW6, /A@528, tried 3 files"
Q13526,"ALL FAILED Error in Q13526, /A@40, tried 51 files"
P23381,"ALL FAILED Error in P23381, /A@72, tried 15 files"
Q9UPY8,"ALL FAILED Error in Q9UPY8, /M@193, tried 6 files"
Q02750,"ALL FAILED Error in Q02750, /A@12, tried 10 files"
P05546,"ALL FAILED Error in P05546, /A@46, tried 3 files"
P04083,"ALL FAILED Error in P04083, /A@43, tried 1 files"
Q9UMR2,"ALL FAILED Error in Q9UMR2, /B@35, tried 3 files"
Q15007,"ALL FAILED Error in Q15007, /C@279, tried 4 files"
Q16637,"ALL FAILED Error in Q16637, /M@56, tried 6 files"
P43004,"ALL FAILED Error in P43004, /A@535, tried 8 files"
P13591,"ALL FAILED Error in P13591, /A@688, tried 8 files"
Q8TAQ2,"ALL FAILED Error in Q8TAQ2, /W@756, tried 4 files"
Q15019,"ALL FAILED Error in Q15019, /A@313, tried 4 files"
Q6IAA8,"ALL FAILED Error in Q6IAA8, /E@34, tried 14 files"
Q15370,"ALL FAILED Error in Q15370, /H@113, tried 102 files"
Q13148,"ALL FAILED Error in Q13148, /A@390, tried 24 files"
P51610,"ALL FAILED Error in P51610, /B@1849, tried 2 files"
P00533,"ALL FAILED Error in P00533, /A@1053, tried 10 files"
P02458,"ALL FAILED Error in P02458, /E@800, tried 8 files"
P02730,"ALL FAILED Error in P02730, /P@365, tried 57 files"
P02751,"ALL FAILED Error in P02751, /A@1904, tried 2 files"
Q03135,"ALL FAILED Error in Q03135, /A@28, tried 11 files"
P43003,"ALL FAILED Error in P43003, /A@530, tried 4 files"
P30531,"ALL FAILED Error in P30531, /A@582, tried 4 files"
P08240,"ALL FAILED Error in P08240, /y@267, tried 3 files"
P13010,"ALL FAILED Error in P13010, /B@557, tried 13 files"
O60716,"ALL FAILED Error in O60716, /A@609, tried 4 files"
Q8NC51,"ALL FAILED Error in Q8NC51, /CD@64, tried 2 files"
Q13885,"ALL FAILED Error in Q13885, /T@335, tried 1 files"
P35613,"ALL FAILED Error in P35613, /E@214, tried 17 files"
P26440,"ALL FAILED Error in P26440, /A@171, tried 4 files"
O75821,"ALL FAILED Error in O75821, /o@116, tried 2 files"
O14745,"ALL FAILED Error in O14745, /A@252, tried 2 files"
Q9UBR2,"ALL FAILED Error in Q9UBR2, /A@209, tried 4 files"
Q9H1P3,"ALL FAILED Error in Q9H1P3, /A@55, tried 2 files"
Q14195,"ALL FAILED Error in Q14195, /A@532, tried 8 files"
P35222,"ALL FAILED Error in P35222, /A@691, tried 1 files"
P53985,"ALL FAILED Error in P53985, /A@475, tried 3 files"
Q9P0L0,"ALL FAILED Error in Q9P0L0, /A@136, tried 4 files"
Q9UBT2,"ALL FAILED Error in Q9UBT2, /B@295, tried 11 files"
Q8TAQ2,"ALL FAILED Error in Q8TAQ2, /W@172, tried 4 files"
Q01105,"ALL FAILED Error in Q01105, /A@159, tried 5 files"
P31689,"ALL FAILED Error in P31689, /B@377, tried 1 files"
P09110,"ALL FAILED Error in P09110, /A@139, tried 2 files"
P14866,"ALL FAILED Error in P14866, /A@91, tried 2 files"
P22059,"ALL FAILED Error in P22059, /A@662, tried 4 files"
P16452,"ALL FAILED Error in P16452, /X@462, tried 6 files"
P20290,"ALL FAILED Error in P20290, /u@196, tried 2 files"
Q9P0L0,"ALL FAILED Error in Q9P0L0, /A@140, tried 4 files"
Q9UPY8,"ALL FAILED Error in Q9UPY8, /M@187, tried 6 files"
Q9BXV9,"ALL FAILED Error in Q9BXV9, /D@80, tried 1 files"
Q96CW1,"ALL FAILED Error in Q96CW1, /A@389, tried 1 files"
Q08209,"ALL FAILED Error in Q08209, /A@497, tried 1 files"
P42704,"ALL FAILED Error in P42704, /A5@1166, tried 1 files"
P49711,"ALL FAILED Error in P49711, /A@587, tried 5 files"
P08240,"ALL FAILED Error in P08240, /y@200, tried 3 files"
P04040,"ALL FAILED Error in P04040, /A@507, tried 24 files"
P22626,"ALL FAILED Error in P22626, /A@255, tried 30 files"
P02751,"ALL FAILED Error in P02751, /A@1502, tried 5 files"
O75396,"ALL FAILED Error in O75396, /C@171, tried 2 files"
O60716,"ALL FAILED Error in O60716, /A@641, tried 4 files"
Q9H0Q3,"ALL FAILED Error in Q9H0Q3, /G@86, tried 2 files"
Q14019,"ALL FAILED Error in Q14019, /A@136, tried 5 files"
P37840,"ALL FAILED Error in P37840, /A@103, tried 612 files"
P20042,"ALL FAILED Error in P20042, /4@123, tried 3 files"
Q9H0Q3,"ALL FAILED Error in Q9H0Q3, /G@81, tried 2 files"
Q7Z6Z7,"ALL FAILED Error in Q7Z6Z7, /A@1694, tried 7 files"
Q14240,"ALL FAILED Error in Q14240, /A@27, tried 1 files"
P55884,"ALL FAILED Error in P55884, /B@191, tried 3 files"
P54136,"ALL FAILED Error in P54136, /A@97, tried 7 files"
Q7Z6Z7,"ALL FAILED Error in Q7Z6Z7, /A@3360, tried 4 files"
P49407,"ALL FAILED Error in P49407, /B@416, tried 3 files"
P50402,"ALL FAILED Error in P50402, /G@65, tried 1 files"
P42704,"ALL FAILED Error in P42704, /A5@1024, tried 1 files"
O43237,"ALL FAILED Error in O43237, /i@421, tried 6 files"
Q13813,"ALL FAILED Error in Q13813, /A@1469, tried 2 files"
P22314,"ALL FAILED Error in P22314, /A@39, tried 2 files"
O76094,"ALL FAILED Error in O76094, /z@181, tried 1 files"
Q99460,"ALL FAILED Error in Q99460, /U@283, tried 20 files"
Q9C0C9,"ALL FAILED Error in Q9C0C9, /A@1160, tried 3 files"
Q15061,"ALL FAILED Error in Q15061, /LK@304, tried 2 files"
Q14240,"ALL FAILED Error in Q14240, /A@140, tried 1 files"
P49736,"ALL FAILED Error in P49736, /2@708, tried 6 files"
P52948,"ALL FAILED Error in P52948, /C@588, tried 4 files"
P09110,"ALL FAILED Error in P09110, /A@90, tried 2 files"
