Q13885,"ALL FAILED Error in Q13885, /T@292, tried 7485 files"
Q9Y2Q3,"ALL FAILED Error in Q9Y2Q3, /A@223, tried 7485 files"
P08670,"ALL FAILED Error in P08670, /C@422, tried 7485 files"
Q13885,"ALL FAILED Error in Q13885, /T@335, tried 7485 files"
P35580,"ALL FAILED Error in P35580, /A@734, tried 7485 files"
P02671,"ALL FAILED Error in P02671, /A@236, tried 7485 files"
P35637,"ALL FAILED Error in P35637, /B@467, tried 7485 files"
P11279,"ALL FAILED Error in P11279, /C@307, tried 7485 files"
P02751,"ALL FAILED Error in P02751, /A@1463, tried 7485 files"
P08670,"ALL FAILED Error in P08670, /A@250, tried 7485 files"
P02671,"ALL FAILED Error in P02671, /A@307, tried 7485 files"
Q13885,"ALL FAILED Error in Q13885, /T@332, tried 7485 files"
Q13885,"ALL FAILED Error in Q13885, /T@347, tried 7485 files"
P02751,"ALL FAILED Error in P02751, /A@2008, tried 7485 files"
P62258,"ALL FAILED Error in P62258, /A@254, tried 7485 files"
P00966,"ALL FAILED Error in P00966, /A@378, tried 7485 files"
Q06830,"ALL FAILED Error in Q06830, /A@189, tried 7485 files"
P22626,"ALL FAILED Error in P22626, /A@226, tried 7485 files"
P09110,"ALL FAILED Error in P09110, /A@90, tried 7485 files"
Q8NC51,"ALL FAILED Error in Q8NC51, /CD@64, tried 7485 files"
Q13885,"ALL FAILED Error in Q13885, /T@247, tried 7485 files"
Q13885,"ALL FAILED Error in Q13885, /T@334, tried 7485 files"
P51659,"ALL FAILED Error in P51659, /A@400, tried 7485 files"
P18669,"ALL FAILED Error in P18669, /A@249, tried 7485 files"
P61006,"ALL FAILED Error in P61006, /A@186, tried 7485 files"
Q15691,"ALL FAILED Error in Q15691, /A@147, tried 7485 files"
P02649,"ALL FAILED Error in P02649, /A@316, tried 7485 files"
Q9UN36,"ALL FAILED Error in Q9UN36, /A@235, tried 7485 files"
P02671,"ALL FAILED Error in P02671, /A@288, tried 7485 files"
Q8NC51,"ALL FAILED Error in Q8NC51, /CD@62, tried 7485 files"
P46783,"ALL FAILED Error in P46783, /u@151, tried 7485 files"
P35221,"ALL FAILED Error in P35221, /G@43, tried 7485 files"
P08238,"ALL FAILED Error in P08238, /A@701, tried 7485 files"
O75475,"ALL FAILED Error in O75475, /K@326, tried 7485 files"
P54136,"ALL FAILED Error in P54136, /A@202, tried 7485 files"
P26599,"ALL FAILED Error in P26599, /A@161, tried 7485 files"
P02671,"ALL FAILED Error in P02671, /A@309, tried 7485 files"
P22626,"ALL FAILED Error in P22626, /A@197, tried 7485 files"
Q07666,"ALL FAILED Error in Q07666, /AAA@182, tried 7485 files"
Q9ULV4,"ALL FAILED Error in Q9ULV4, /A@417, tried 7485 files"
P14866,"ALL FAILED Error in P14866, /A@91, tried 7485 files"
P02671,"ALL FAILED Error in P02671, /A@296, tried 7485 files"
Q13155,"ALL FAILED Error in Q13155, /B@104, tried 7485 files"
Q13813,"ALL FAILED Error in Q13813, /C@1206, tried 7485 files"
P35222,"ALL FAILED Error in P35222, /C@28, tried 7485 files"
P02748,"ALL FAILED Error in P02748, /G@557, tried 7485 files"
O95163,"ALL FAILED Error in O95163, /A@1281, tried 7485 files"
Q14019,"ALL FAILED Error in Q14019, /A@140, tried 7485 files"
Q13885,"ALL FAILED Error in Q13885, /T@291, tried 7485 files"
O75821,"ALL FAILED Error in O75821, /o@232, tried 7485 files"
Q9ULA0,"ALL FAILED Error in Q9ULA0, /A@364, tried 7485 files"
P02671,"ALL FAILED Error in P02671, /A@556, tried 7485 files"
P62491,"ALL FAILED Error in P62491, /B@193, tried 7485 files"
P06753,"ALL FAILED Error in P06753, /A@90, tried 7485 files"
Q15637,"ALL FAILED Error in Q15637, /D@210, tried 7485 files"
Q13885,"ALL FAILED Error in Q13885, /T@348, tried 7485 files"
P07203,"ALL FAILED Error in P07203, /A@86, tried 7485 files"
Q99959,"ALL FAILED Error in Q99959, /A@530, tried 7485 files"
Q9UMS4,"ALL FAILED Error in Q9UMS4, /t@144, tried 7485 files"
P04844,"ALL FAILED Error in P04844, /F@238, tried 7485 files"
P07384,"ALL FAILED Error in P07384, /A@611, tried 7485 files"
P04040,"ALL FAILED Error in P04040, /A@514, tried 7485 files"
Q15006,"ALL FAILED Error in Q15006, /B@296, tried 7485 files"
P35580,"ALL FAILED Error in P35580, /A@488, tried 7485 files"
P17516,"ALL FAILED Error in P17516, /A@93, tried 7485 files"
P11498,"ALL FAILED Error in P11498, /A@256, tried 7485 files"
O00399,"ALL FAILED Error in O00399, /A@160, tried 7485 files"
Q01105,"ALL FAILED Error in Q01105, /A@53, tried 7485 files"
P32754,"ALL FAILED Error in P32754, /A@387, tried 7485 files"
P04844,"ALL FAILED Error in P04844, /F@335, tried 7485 files"
O60716,"ALL FAILED Error in O60716, /A@896, tried 7485 files"
Q96CT7,"ALL FAILED Error in Q96CT7, /CE@133, tried 7485 files"
Q13765,"ALL FAILED Error in Q13765, /t@156, tried 7485 files"
P02545,"ALL FAILED Error in P02545, /A@396, tried 7485 files"
O60716,"ALL FAILED Error in O60716, /A@765, tried 7485 files"
Q9HCU5,"ALL FAILED Error in Q9HCU5, /A@103, tried 7485 files"
Q15582,"ALL FAILED Error in Q15582, /A@656, tried 7485 files"
P02751,"ALL FAILED Error in P02751, /A@1949, tried 7485 files"
P02751,"ALL FAILED Error in P02751, /A@1965, tried 7485 files"
O75027,"ALL FAILED Error in O75027, /A@174, tried 7485 files"
O60701,"ALL FAILED Error in O60701, /A@489, tried 7485 files"
Q8NC51,"ALL FAILED Error in Q8NC51, /CD@358, tried 7485 files"
Q06787,"ALL FAILED Error in Q06787, /A@422, tried 7485 files"
P61011,"ALL FAILED Error in P61011, /x@494, tried 7485 files"
P23193,"ALL FAILED Error in P23193, /U@51, tried 7485 files"
P22314,"ALL FAILED Error in P22314, /A@22, tried 7485 files"
P08648,"ALL FAILED Error in P08648, /A@892, tried 7485 files"
O60313,"ALL FAILED Error in O60313, /A@430, tried 7485 files"
Q14204,"ALL FAILED Error in Q14204, /A@3185, tried 7485 files"
P35222,"ALL FAILED Error in P35222, /C@27, tried 7485 files"
P11498,"ALL FAILED Error in P11498, /A@28, tried 7485 files"
P11498,"ALL FAILED Error in P11498, /A@326, tried 7485 files"
P15927,"ALL FAILED Error in P15927, /A@193, tried 7485 files"
Q8TCJ2,"ALL FAILED Error in Q8TCJ2, /A@28, tried 7485 files"
Q16775,"ALL FAILED Error in Q16775, /A@226, tried 7485 files"
P55884,"ALL FAILED Error in P55884, /B@131, tried 7485 files"
P54819,"ALL FAILED Error in P54819, /A@193, tried 7485 files"
P35580,"ALL FAILED Error in P35580, /A@507, tried 7485 files"
P23396,"ALL FAILED Error in P23396, /b@238, tried 7485 files"
P09651,"ALL FAILED Error in P09651, /A@193, tried 7485 files"
O60841,"ALL FAILED Error in O60841, /1@1103, tried 7485 files"
O75821,"ALL FAILED Error in O75821, /o@208, tried 7485 files"
Q9BZZ5,"ALL FAILED Error in Q9BZZ5, /A@330, tried 7485 files"
Q9H0U4,"ALL FAILED Error in Q9H0U4, /B@185, tried 7485 files"
Q96HE7,"ALL FAILED Error in Q96HE7, /A@212, tried 7485 files"
